tname,title,view,like,danmaku,share,coin
美妆护肤,BB大王我终于在韩国以女团成员出道了！,1031558,151905,1804,2328,2328
MAD・AMV,“多年以后再看，才明白这是多么讽刺....”,613401,51988,325,1019,1019
数码,没上市的麒麟芯片！华为这颗超大核麒麟9000居然真实存在,414074,33008,921,1693,1693
日常,今天是我的20岁生日，即使我的妈妈已经去世，我也要带她去她想去的地方，原本我挣的钱可以给我妈立个好碑了，但我相信我妈妈在天上肯定会同意我买这辆车带着她去完成梦想,2574523,321760,6107,662,662
财经商业,一口气了解全球经济形势,1030750,83103,10206,6642,6642
出行,竟有商品难吃到被投诉，小翔哥亲自尝试之后，选择直接下架不卖了,597117,15042,384,140,140
搞笑,挑战1元钱换到法拉利,3051564,239806,17940,5804,5804
人文历史,在冰岛建党需要整什么活？【神奇组织16】,1480545,139197,18076,4708,4708
时尚潮流,1920-2020 百年变迁，中国女性职业服装的变化,3679841,545535,4629,7042,7042
穿搭,穿搭 男人最好的医美,305999,7194,103,659,659
日常,一定要看到最后，这是一个倾家荡产玩翡翠赌石的故事,451092,24554,1506,595,595
美食侦探,探秘中国领事馆！一年一次的外交晚宴上都吃些什么？,519113,59668,3024,3415,3415
人文历史,失传暗语 江湖必备！一期带你看懂江湖黑话！,193129,16513,1275,8434,8434
出行,“当各省风景出现在课本上”,238128,43480,2329,3198,3198
美食制作,拌饭天花板！,626692,84276,7019,1385,1385
人文历史,这个王朝，定义了中华文明！,1863558,248035,6857,3509,3509
单机游戏,致命公司 M C「受尽折磨版」!!？,105463,21015,1252,113,113
搞笑,你的身体比你想象中更爱你,205496,34366,405,1001,1001
短片・手书,《二次元神医》,320997,35746,1292,3738,3738
科学科普,为什么制作蓝LED几乎是不可能的,2308262,119511,7886,11838,11838
翻唱,【花火】“一曲《调查中》，带你领略愚者的欢愉”,1004446,65120,227,1863,1863
搞笑,人都有软肋，何况是我。,332404,43145,1795,1069,1069
电子竞技,【天生圣体 xdd】 16 岁天才少年从被质疑开挂到世界第一，自证之路上演真实版绝地求生！,268492,19042,881,807,807
音乐综合,纪念漫画家鸟山明｜《龙珠GT》主题曲《渐渐被你吸引》――坂井泉水【Hi-Res】,703021,49259,2386,9852,9852
单机游戏,“人类真的…还有救吗”,182741,28542,205,111,111
影视杂谈,【阿斗】真实事件翻拍，韩国总统也敢黑？没看过比这更大胆的电影！2023韩国票房冠军《首尔之春》,457873,32442,1343,744,744
影视杂谈,超燃动作电影《重生》，超燃零距离格斗术！不仅能躲子弹还会传说中的开龙脊，拳拳到肉！,2881149,130347,1408,593,593
搞笑,有钱压线，没钱压教练。,760726,61994,2267,3020,3020
绘画,今天是您诞辰126周年，谨以此图敬献伟人,1638958,353398,7293,7172,7172
小剧场,校园版《周处除三害》,353898,19445,279,1141,1141
三农,千万别把佛手瓜直接放在土上，不然它生长后会让你吃到吐！,1703684,109170,729,2203,2203
人力VOCALOID,敢 打 我 学 生 ？！,252396,15500,414,379,379
日常,75岁老奶奶深夜捡垃圾供孙子读大学，尽微薄之力帮她解决点生活上的困难。,889043,216557,3414,5035,5035
搞笑,现在是幻想时间?,5653596,704185,12470,41692,41692
动漫杂谈,咒术回战253话完整解说：最强一级日下部VS诅咒之王！,195759,13420,744,618,618
社科・法律・心理,大型纪录片《男生罚站》将持续为你播出,6659837,488857,1244,15825,15825
国产原创相关,熊大熊二小时候真难杀啊,5345001,55790,917,546,546
单机游戏,《崩坏:星穹铁道》顶级二创!我们用MC还原了贝洛伯格!,112698,28708,261,932,932
电子竞技,这一次，我依旧会将大局逆转！,830372,54781,1217,300,300
MMD・3D,爆肝30天！把网友的梦拍成电影：第五期！,1034043,177433,2495,7705,7705
美食测评,今日带铁蛋在美食领域进修一下,416082,67344,2038,851,851
单机游戏,当你不涂口红就会「输掉比赛」!!？,85381,13090,1697,57,57
明星综合,【时代少年团】《时代有冬西》06：炸你的风还是吹到了温泉,498622,32344,56337,635,635
影视杂谈,【青蒜】我拿的不是枪，而是天命！真・深度解读《周处除三害》,2605515,172200,4966,43359,43359
出行,探秘中国民用射击场！人均700元！都有什么武器？国内首次打枪！,1797255,77453,4571,2052,2052
健身,【反直觉】为什么跑快反而轻松？世界顶级跑步教练的跑姿改善思路（附资源）,76362,8894,66,693,693
单机游戏,不是哥们，你二鼻啊？,354466,49318,4664,1002,1002
搞笑,《重生之我在霸总短剧里当特助》,534853,81124,658,3896,3896
手机游戏,艾拉 VS 全方舟BOSS，狙击正统在特种！【明日方舟】,334680,20998,902,3538,3538
单机游戏,性感且致命的狠角色【动捕演员的精分练习】,570961,48285,379,1566,1566
美食制作,奶茶强者，从不抱怨环境...【肯定有你没喝过的】,149427,21261,421,1380,1380
日常,哪个大城市工资3500啊,418023,22267,1216,400,400
动漫杂谈,尾田荣一郎：在我心里，他是不断前进的英雄。,778151,62127,1636,4910,4910
社科・法律・心理,揭秘洗钱套路：我充个话费，就成了帮凶？,454133,39744,675,4673,4673
科学科普,【亮记生物鉴定】网络热传生物鉴定51,2758785,318639,13846,6272,6272
搞笑,今年花的最值的100块!,1383062,181020,595,348,348
乐评盘点,龙珠十大神曲，每一首都是逝去的童年与青春（以此悼念伟大的漫画家鸟山明）,212330,14233,1438,1982,1982
搞笑,社死！深度考古女主持奇葩现场【低清珍藏版】,499637,65866,4046,762,762
社科・法律・心理,女汉子变女神，喜剧人贾玲为啥不讨喜了？【迟毓凯】,428415,7195,1620,238,238
手工,【燃】赛 博 蹦 迪 现 场,771623,137254,969,3234,3234
三农,我姥是这辈子第一次过妇女节，还算开心哈哈，也祝你们节日快乐,333923,56583,999,1140,1140
电子竞技,【生日作】我，蔡文姬，真正的射手！！,96126,11709,249,84,84
美食制作,大学生就业指导！香好几个跟头的鸡公煲！真正的小白教程！,1611020,210686,934,27292,27292
影视杂谈,有李达康这种狗领导，你让我怎么作为！《人民的名义》精讲第十期,764647,32406,9838,1172,1172
手机游戏,艾拉 VS 全方舟BOSS，刮痧还是乱杀！？【明日方舟】,332465,18590,845,3745,3745
日常,日本的高中生情侣都是这样的吗？？今天我一次遇到了两对！！！！,396027,32173,689,4233,4233
搞笑,【北京・爱情事故】不许和陌生人说话、不料另有隐情？,408415,20597,2082,4285,4285
美食侦探,台湾街头8元一碗饭，拯救瘦小的饼叔深夜的胃……,363277,29750,3519,1814,1814
动物二创,花栗鼠：我这颗小棉花，被踢上天啦,855104,129172,723,3739,3739
三农,如何获得一个自动蓄水的鱼池水源？,787980,63477,452,75,75
单机游戏,王老菊教你平底锅战神,284115,21639,3202,650,650
美食测评,兄弟，你的茶泡饭好香！网红零食大摸底！,325549,23937,2376,463,463
美食制作,天啊!出门前不知道谁又把我行李箱蒸了【密码的馒头】,1511737,126520,1876,4499,4499
出行,城市盲盒系列 之 云浮 像踏进了一片未知的领域,987354,112853,894,2772,2772
搞笑,好好好！带的网恋1月女友回家，折磨的却是我和我妈..【必拿下24】,195082,26774,989,310,310
综合,“吃人”的输送机,1646135,106433,640,1098,1098
环球,日本漫画家鸟山明逝世 外交部：深切哀悼,1598333,128192,1651,38284,38284
手机游戏,《原神》千织角色PV――「绯织一心」,1852822,176331,5027,16962,16962
校园学习,【德语剧场】绝望主妇霸气回归,814315,39162,417,1039,1039
人文历史,天才少女，冒死拍下这张照片！讽刺美国第一人！总统看了都害怕！【透明的她09】,1333497,107338,1921,1870,1870
影视杂谈,也就日本能拍出这种“三观不正”，却处处获奖得电影了吧！肮脏又真实,1933043,136979,2310,1766,1766
购车攻略,捷途旅行者到底行不行？！,185033,19995,2411,1197,1197
影视剪辑,“你在史书上所轻轻翻过的一页 便是他们波澜壮阔的一生！”,147523,6519,481,567,567
美食制作,复刻印度史莱姆饼！越做越觉得眼熟,1162499,105948,5383,1762,1762
网络游戏,弱智吧团建纯享版#5,333539,33960,508,1042,1042
野生动物,《 烫 掉 宫 寒 》,737600,105457,1411,4958,4958
科学科普,为什么猪肉炒出来很多水？是买到了注水肉吗？,2724265,139111,2590,938,938
明星舞蹈,可以算是建模腿吗？sistar19《因为从有到无》翻跳,273345,10991,158,526,526
单机游戏,每一次都有可能是最后一次和兄弟拍视频了...,279553,48161,1325,609,609
搞笑,你一个屁崩没了我的体育梦,418302,12976,71,1218,1218
美食制作,被网友骂了一顿，我想说：,2490546,257552,674,434,434
手机游戏,《原神》角色演示-「行秋：孤舟斩蛟」,349832,40290,317,1951,1951
出行,我悟了，原来最好的转运方式是结婚！,637135,37724,4812,6929,6929
汽车生活,富婆快乐车？花200万买它还是仰望U9？,223654,11236,3195,722,722
日常,不是？你推我动态视频干什么？,1426023,231283,352,13895,13895
单机游戏,这款仅有60MB的游戏，却比“赌博”还让人上瘾！？？,870857,17983,506,696,696
美食制作,每逢佳节倍思亲，感觉好孤独,1435815,95964,1340,1297,1297
单机游戏,女神沦为堕落玩物？主角才是逆天boss！这游戏隐藏结局竟如此绝望！,1221389,53418,1193,488,488
科学科普,【花小烙】女性来月经前为什么会情绪失控异常暴躁？,271173,37915,646,3655,3655
社科・法律・心理,日本贫困女性有多惨？4个之中就有1个！可爱贫穷才是日本妹子的残忍标签.....,852892,44126,5289,667,667
美食记录,芬兰家人第一次来中国，被海底捞惊喜庆生惊到傻眼！体验扯面现场全家爆笑！疯狂拍照停不下来！脑花初体验场面失控！,1091150,98810,6332,739,739
预告・资讯,各大名场面！Netflix重磅科幻大剧《三体》终极预告，全明星阵容！03.21上线,608109,20248,1953,11940,11940
日常,【猫meme】小时候百感交集的一天,2228505,104185,507,1707,1707
小剧场,舅妈，小姑娘的心思你别猜,553551,61611,567,1248,1248
小剧场,周处除三害 但是互联网大厂版,359804,12331,549,7584,7584
日常,猜猜什么原理,2222961,145492,164,943,943
日常,这是说了谢谢 反而才亏欠的情感,184786,40336,191,118,118
日常,不该看的别看，不该学的别学,2163854,104036,699,7158,7158
电子竞技,很喜欢LOL玩家的一句话：___？,1143067,59948,608,560,560
搞笑,挑战一天只吃炸鸡,376285,52354,700,1757,1757
手工,如果你收到这样一封手写信,1713365,223657,529,2984,2984
日常,研究生毕业进厂打工是种怎样的体验？,935453,97721,394,848,848
穿搭,暴跌75%，李宁终于扛不住了？跌到不可思议的好鞋TOP7！,156479,6329,703,285,285
电子竞技,对面：不对劲，这小丑有器灵？,263344,30376,545,161,161
家居房产,小技巧,2069875,121354,937,1640,1640
影视杂谈,跨7个省份，走1万公里，坚持12年，这条追凶之路太苦！真实事件改编电影《三大队》,311363,20650,1723,449,449
搞笑,《重生之我在校园爽剧里当炮灰同学》,827668,122449,700,5667,5667
美食制作,巨型火腿肠？,299210,40338,297,111,111
家居房产,来看看，你们都给我推了什么离谱的东西（下）,165762,28506,608,206,206
搞笑,《重生之我在爽文短剧里当保姆》,1821041,236978,944,22708,22708
单机游戏,春促提前狂欢？！0折限时白给就问你要不要吧！【Steam每周史低游戏推荐】,176463,15582,428,465,465
人文历史,穷鬼健身房越开越多！199元/月，乐刻如何熬死同行？【暗中观察329】IC实验室,292174,12337,1199,2231,2231
美食侦探,街头现切泡水果！还没买阿姨就开始投喂了，20块满满当当一大袋！20的泡水果加阿姨200的热情谁懂啊！！,737149,80839,340,646,646
美食侦探,全员女性的印度餐厅，看起来会有什么不同？,237909,34994,1319,646,646
电子竞技,"《盲选大战》兄弟和你心连心,你和兄弟动脑筋!节目效果炸裂！哈哈哈哈哈！",233183,17957,1008,467,467
日常,我都不知道自己这是开了一家什么店！越开越意想不到,2002907,96950,3590,4652,4652
动漫杂谈,【树哥】偶像被粉丝捅烂下面，美女被逼迫自我玩弄！《猪的复仇》第24集,201328,7518,229,41,41
科学科普,滴上世界上最强的酸，1秒后鸡腿会变成啥样？,815588,23698,2248,620,620
健身,麻烦让一下，我肩膀太宽过不去,851420,63464,1209,2366,2366
搞笑,北方人在南方有多爽？,946962,58388,1292,1322,1322
单机游戏,随机有用植物VS随机僵尸S3赛季总冠军之战 谁才是最强队伍！,40002,6855,1887,108,108
社科・法律・心理,【参考信息第216期】中央加杠杆；鸟山明去世,144404,9140,935,197,197
新能源车,【三分钟看发布会】九代凯美瑞上市，中国品牌：啊？？？,713908,13086,4993,2471,2471
喵星人,我们给公司的猫做了个猫猫版小天才,291993,54832,271,3709,3709
单机游戏,开年最性感大作！通关后我只想吹爆《圣兽之王》,392857,14481,617,3121,3121
国风舞蹈,“没想到小师妹这么会玩鞭子捏”,150799,11976,944,260,260
美食制作,隋卞一做 |炒圆白菜为什么会是镇店菜？炝炒莲花白,235307,14279,611,944,944
人文历史,「当中国历史的节点都能拥有一张会动的封面」,1303650,226381,376,1412,1412
短片・手书,【怒九】看来我糊弄人的本领还不错嘛！,185866,36071,826,704,704
短片・手书,这也能叫刻舟求剑？！！,192002,25495,1117,512,512
搞笑,《吃火锅是你的谎言》,200024,30139,610,398,398
人文历史,咩~你是羊群效应下的盲目小羊吗？,1596667,103593,214,581,581
手机游戏,第五人格牧童：好久不见，曾经熟悉的口号又回来了,121554,16514,276,619,619
科学科普,避孕方式怎么选？男女都需要自查乳腺？这些“妇科”问题男女都要关注！,200439,20841,1335,3816,3816
单机游戏,这个游戏黑了我的电脑，中途打开了我的相机，不要下载这个电子宠物,1739613,56179,27293,969,969
影视杂谈,恐怖片背后的真实故事，这玩意比电影演的还邪乎呢！,250287,31378,555,217,217
美食侦探,美食博主特种兵旅行之台州一日吃！一天完全不够吃啊！,276313,19870,1143,989,989
单机游戏,【warma】我背不动这么大的包啊啊啊！！,154671,25535,666,467,467
搞笑,真的有这么丝滑吗？,545856,24997,199,362,362
日常,它是破过吉尼斯记录的中国非遗，现场太震撼了！,1210667,68305,1461,1269,1269
三农,一个农村女孩不自信日记,260263,24080,2008,590,590
音乐综合,「代号诡秘」廷 根 旧 梦 ――《诡秘之主》游戏实机场景,5169630,125772,2538,16773,16773
小剧场,如果你是穿越成呗杀全家的主角，你会怎样报仇,702012,55888,130,983,983
美食侦探,揭秘古代皇帝流水席吃啥！能吃能喝还能玩？,245585,21269,1872,1192,1192
单机游戏,我的世界画质到底有多高？体验超真实材质包,72688,8928,699,47,47
娱乐杂谈,2024恋综黑马！亲兄妹假装不认识一起上恋综！开分9.2的《恋爱兄妹》第一期解说【金子】,352960,21452,1273,4357,4357
美食侦探,用垃圾熏肉？！只要进对了店，315每天都过,1458394,98982,4257,12338,12338
短片・手书,帮忙看看这是啥动物,155775,28358,643,1720,1720
搞笑,当代女性力量图鉴,155684,36297,316,658,658
单机游戏,把好兄弟困在「视错觉世界」!! 他们的反应笑死我了!!,2772136,120363,4380,837,837
综合,【无尽阶梯】新一期3D渲染大赛作品！每一幅作品都有一个故事！,346051,57778,576,1886,1886
财经商业,乳腺癌之后，我戴上了义乳，才知道失去乳房是一件多难以接受的事【三亿】,420985,15373,395,1060,1060
影视杂谈,《复联4》的真正结局，托尼从未死去！且看上山的灭霸如何屠戮山巅的众神,610990,11840,611,95,95
GMV,「群星闪耀 薪火永燃 V」“传承永燃不熄之薪火 开拓终抵群星的旅途”,209705,48117,2678,1066,1066
单机游戏,MC原版bug！念力逆天控物！,253531,28859,807,115,115
手机游戏,全地面六星干员 VS 马特奥上尉，莫欺老年穷！【明日方舟】,370810,21699,2009,317,317
小剧场,当娱乐圈倒退100年而你不受影响,1694505,143200,470,2239,2239
搞笑,咱爹批雪糕历险记,222490,31523,475,370,370
音乐综合,再见，青春。｜鸟山明《七龙珠》主题曲《悟空不可思议的大冒险》――高蜓洹Hi-Res】,314485,17170,571,2339,2339
健身,久坐出来的粗腿塌屁股 被区区100个女神蹲拯救了,384366,18320,263,3146,3146
人文历史,【邓肯】马航MH370失踪十周年祭，盘点对真相的几种恐怖猜测,285650,16791,1852,740,740
影视杂谈,走向鲜花遍地的世界总要穿过凛冽的寒冬，高分电影《妇女参政论者》,157072,9590,256,352,352
搞笑,【梗百科】兔子洞是啥梗？这是一期很粉色的视频？！,1065121,78549,743,858,858
搞笑,四川人有多喜欢阴阳怪气,179530,19864,603,2482,2482
搞笑,假如我是商业奇才（超级无敌宇宙爽啊啊啊啊）,199537,19589,225,64,64
搞笑,你们想喝吗,637374,53471,1156,804,804
单机游戏,鬼：你再装作看不到我呢？,1218642,44658,853,223,223
电子竞技,《魔兽争霸3》，如果技能没有冷却时间，谁能单挑海军十八金人？,272612,15504,8857,197,197
美食侦探,广州老城区的宝藏小店，牛肉炒面、干炒牛河碳水爆棚了！,239562,18614,1347,603,603
穿搭,100元穿出干元高级感，王鹤棣百元同款穿褡轻松get明星同款,901527,39146,80,488,488
搞笑,【底层社恐幼师的一天】屎到淋头了…到此为止了…人生,2553969,392470,2773,38480,38480
人文历史,王国士兵的餐桌――奥斯曼帝国篇,282999,19344,1202,550,550
科学科普,豆腐和米饭上的奇怪霉菌是须霉,505556,71380,756,1099,1099
时尚潮流,与其等待别人多看我一眼多爱我一点 不如当下把自己变足够优秀,1636859,279498,2059,1132,1132
美食制作,店里卖899一份的招牌菜，自己在家做，居然只花了…,1824232,146841,3264,1885,1885
手机游戏,现版本，你甚至可以看到百战水门秒人,440916,31617,321,2016,2016
美食侦探,中东醋王VS贵州酸汤火锅!我宣布，这就是我的本命火锅!,235026,20370,2274,515,515
田园美食,刚把鱼敲晕，客人就说不要了，转身就走,2859892,139415,852,491,491
影视杂谈,【HP】盘点《哈利波特与凤凰社》原著中没有被电影还原的剧情细节！（上）,807716,27537,2141,924,924
短片・手书,【轰】对不起，我不是故意要超度你的…,97431,17811,321,58,58
新能源车,"定价￥700,000瞬间售罄！中国越野车的春天来了？深扒坦克700Hi4-T背后的技术秘密【镖技术・坦克】",376025,22379,474,296,296
科学科普,手搓膛线,897617,38787,143,1092,1092
短片・手书,控制中枢彩六攻防战,226065,22705,293,872,872
运动综合,油锅面前众生平等,1398626,61406,551,268,268
鬼畜剧场,【最强唐僧3】三葬除三害！,1378573,75603,1301,12392,12392
汪星人,社牛小狗被拴半个月，彻底服从了，遛狗时超开心！,339007,21641,791,244,244
影视杂谈,这开局太炸裂了！当神级反派提前看了剧本，漫威重启巨制《终极入侵》有多好看？,1172237,136674,1458,1773,1773
影视剪辑,“她似乎不怎么明白，我有多爱她”用22分钟展现直树爱湘琴的证明，直树真的很爱很爱湘琴！只是性格使然他不善于表达，他一直都是只做不说◎恶作剧之吻丨直树x湘琴,221545,11701,622,1980,1980
短片・手书,花火：重力！凶手是重力！,189914,24824,202,261,261
短片・手书,国服玩家彻底破坏迷宫生态【迷宫饭】,224810,19360,243,1407,1407
搞笑,自以为是的男人,281247,32152,1277,808,808
搞笑,继子：我养了个继爸...【包浆视频】,182127,15022,994,220,220
数码,这样的房间你能呆多久？胶佬电竞房大变身！,95528,8022,487,455,455
日常,提“消费观”，那就是“控制欲”的……遮羞布！,719462,127562,808,1300,1300
明星舞蹈,溢出屏幕的元气生命力！???>?< ??,334685,26699,140,1516,1516
日常,三八节特辑：女性一生会听到多少种噪音,123863,5208,364,688,688
搞笑,终于到了头上 长摄像头的年龄了【恶作剧248】,262713,46217,1740,588,588
三农,来猴哥新房看看，屋后邻居也建好围墙，独家独院挺好的,172353,14098,960,70,70
美食记录,摊牌了我是厨子,320968,17387,721,415,415
网络游戏,“我看你号也没玩过乌鸦啊，器灵？”共享账号挑战高手组S14！#9,310617,14136,686,182,182
日常,英姿飒爽“女箭客”前一秒轻松嬉笑，张弓搭箭后眼神瞬间变犀利，蓄势一击正中靶心,1924073,130981,233,572,572
社科・法律・心理,【小季说】为什么邪教徒敢集体自杀？邪教都是怎么给信徒们打下思想钢印的？,371469,17420,672,392,392
科学科普,【细思极恐】英国一科学家用实验来证明我们的世界是虚拟的，他成功了吗？,286701,10754,2165,782,782
动漫杂谈,九年前火爆全网的番！竟有未播隐藏结局？一口气回顾《夏洛特Charlotte》,381613,30113,993,819,819
美食记录,190买三根牛舌，胖龙做爆炒牛舌粉，晚上饿了不能看,279512,13471,1235,260,260
小剧场,快乐教学！,1499670,148876,2705,1492,1492
计算机技术,王炸！全网最全AI生成视频教程，绅士必备的一键启动包！,797709,46218,841,4287,4287
电子竞技,一年直播名场面！总有一波笑到你！看看有几波在现场！,425097,28218,290,814,814
出行,从现在起 每一次勇敢 我都要这样欢呼,737175,82992,510,652,652
美食侦探,简简单单吃肉,752464,120017,1432,2453,2453
美食记录,三健客终于来吃自助啦，狠狠让老板亏本一回,757536,29729,1591,1608,1608
搞笑,《 矿 泉 水 加 热 器 》,1128410,75784,2131,895,895
搞笑,你这样街访真得不合适 但真得好好笑啊哈哈哈哈哈哈,946399,83344,400,1800,1800
电子竞技,【巅峰数据排行72】什么？他竟然？,202720,15830,913,284,284
日常,乘风破浪的姐姐重伤谭sir，致其考虑推出新栏目《乔姐说交通》,320162,29236,1363,325,325
小剧场,我是你预判不了的男人,812365,45633,197,1987,1987
动漫杂谈,财阀诈骗医生，治病不交手术费，医生便在绝境中反诈骗财阀！,2354837,43647,170,72,72
桌游棋牌,【战锤】谁更凶？星际战士能否挑战中式僵尸王？,91353,12570,1123,592,592
数码,能拍8K视频的徕卡全画幅相机？！,477767,38183,2155,2191,2191
仿妆cos,偷偷爆改成热血高校，给老婆一个小惊喜！！,111947,14171,1245,313,313
美食制作,好久不见，我真的来b站了。,1096462,303916,1213,1025,1025
乐评盘点,明明是首顶级战歌，一看歌词竟是“情歌”？战斗民族情歌太炸裂了！,680561,23494,127,89,89
喵星人,长官！我申请做你的宝贝,620627,38009,347,534,534
仿妆cos,没抽到花火的你才是真欢愉o(^^)o,546232,114832,387,2784,2784
影视杂谈,我叫二郎神，要不是沉香是我外甥，我早就一刀砍死他了,230850,17165,1070,646,646
影视剪辑,“年轻又貌美，但闯进叔圈了”走个路都劲儿劲儿的！,1802407,80303,1402,6557,6557
影视杂谈,《看过最炸裂的国产剧》,227813,16621,2510,644,644
手机游戏,惨败！再战！三忍集结为雪前耻，共赴天地战场！从零开始的火影之路（十一）,239096,12623,461,108,108
翻唱,女儿情,613061,69242,588,1858,1858
手机游戏,怒氪12W被针对！玩到真火影了！火影忍者爆氪冲击至高无上！#4,1901627,125410,795,1033,1033
校园学习,当我们长大了，当我们承担了父亲的责任！,1364784,169253,171,862,862
影视杂谈,美与震撼！《沙丘2》十大角色、美学、场景超详细解析！,73088,4277,447,828,828
单机游戏,“ V R 禽 兽！！！ ”,420059,37983,442,262,262
小剧场,陈翔六点半：如鲠在喉,198365,16671,441,272,272
手机游戏,花导故事会,1014372,134326,3239,10412,10412
科学科普,中国发现的新人种“龙人”，改写了非洲起源说的主要内容,585296,27942,1364,998,998
影视杂谈,灵堂爆头、邪教洗脑！公映前突然换盘！尺度爽片《周处除三害》【以片概全】,3743966,93421,4648,9426,9426
喵星人,我妈不让小猫上床，小猫哼哼唧唧撒娇让我抱他,865297,76589,309,263,263
MAD・AMV,“长大后才发现，这么棒的动漫越来越少了...“,466318,21715,570,439,439
单机游戏,在这里当保安太难了，你能分辨谁是伪人吗？,788504,71868,6741,962,962
日常,《冰红茶》6.0,238458,80738,282,7578,7578
绘画,白色创作挑战,568845,74961,347,160,160
日常,有个爱玩会玩游戏的对象是什么体验,798871,25823,42,8365,8365
动漫杂谈,一人之下662：似冲、澄真被全性围攻惨死，三一门与全性结下血仇,159420,7128,821,355,355
绘画,我妈居然把我和牛杂放一起,357401,85560,342,2797,2797
手机游戏,梦幻联动！秋风VS关中，真是一场酣畅淋漓的对决啊！,381854,30410,849,1696,1696
短片・手书,女生捡到很直的棍子 VS 男生捡到很直的棍子,117823,11435,606,111,111
人文历史,两小时，四万字，带你领略周总理波澜壮阔的一生【毒舌的南瓜】,1163987,120753,7148,12278,12278
日常,《猫和老鼠》,258823,61604,125,214,214
单机游戏,千万不要让伪人混入公寓！伪人出没请出示证件！,615689,10344,983,103,103
小剧场,到底谁上班在打扮啊！,802722,68449,186,1530,1530
MAD・AMV,『 你 管 这 叫 干 饭 ？ 』,138002,16044,304,586,586
财经商业,【半佛】快递不送上门，别怪快递员,671449,46126,1889,1062,1062
MMD・3D,我看小姨你啊，也是风韵犹存~,229112,43935,202,846,846
搞笑,【邻居篇】日本单亲妈妈去中国后，价值观发生变化的故事(6)【猫meme】,1066831,71816,730,1105,1105
人文历史,揭秘世界残酷的真相，我们从始至终，都生活在谎言里！,1066932,30962,708,1583,1583
影视杂谈,近20年最好的僵尸片！冤死的双胞胎，退隐的老道士，10年前的灭门惨案，一部恐怖电影的背后到底带着多少无奈呢？,114997,6945,1258,273,273
手机游戏,景元全程单通黄金与机械难题12，主播打完原地起飞！神君最开心的一集！,206023,19179,1418,341,341
原创音乐,一个男人连男德都守不住？他还能守住什么呢？,108236,12677,202,1500,1500
数码,荣耀偷偷干翻全场？MagicOS动画解析/体验（鸿蒙/HyperOS/iOS对比）「STRAY」,62185,4203,645,204,204
明星综合,【TF家族练习生】「2024新春音乐会――盛放」制作篇（中）,403260,14334,69312,327,327
校园学习,Sora的尽头是直播卖课，国外AI卷疯了国内卖课赚麻了【Git源宝】,304346,24044,250,845,845
人文历史,请问谁给我打的晋升报告？升级啦！中国人民革命军事博物馆官方账号，敬请关注！,270157,19305,551,200,200
出行,美国媳妇第一次来中国，一口豆浆油条沦陷了,447087,38385,4998,695,695
影视杂谈,【1900】告别鸟山明！一位站在少年漫画顶点的天才,118757,11028,679,743,743
短片・手书,《地 表 最 强 戏 子 》当体内寄生了一群克苏鲁！我依它们期待表演便能获得力量！,205227,10511,201,99,99
手机游戏,这哪是抽卡，这是大海捞针！！,1456870,212874,5355,4257,4257
出行,雾雨天徒步黄山！忽然懂了什么叫中国山水画...【互联网脚替04】,796918,44940,3773,3226,3226
单机游戏,这种校园模拟器不会被举报吗？教导主任潜规则女学生！,363345,19014,1139,407,407
喵星人,被人扔出来的橘,178170,27268,896,224,224
喵星人,这种西部菱斑响尾蛇有剧毒！不要轻易靠近！,1056670,142395,934,3622,3622
单机游戏,当我第一次和妈妈玩MC！,210469,18506,615,547,547
美食侦探,这不是一家火锅店，这是一座火锅城！家庭聚餐体验感直接拉满！,489284,44491,6414,920,920
手机游戏,【水晶箭行动】CR-1至CR-8 摆完挂机 简单好抄,715364,33510,1227,672,672
科学科普,网络热门长虫视频(66)保安徒手打死7米巨蟒？自己也身受重伤！最终村民一起把蟒蛇吃了？,1127530,25251,2798,233,233
手机游戏,?爆氪104万元?挑战通关【梦幻手游】！第二季#1,155949,10126,679,1587,1587
日常,Wǒmen 都了不起,137348,33439,90,1826,1826
搞笑,所以说狮子怎么念,996242,74986,598,3879,3879
穿搭,20240308-试纱4(Cut AD),202489,30708,2038,273,273
影视杂谈,【阿斗】93万人打出8.3分，一部披着喜剧外衣的荒诞悲剧！没有一个大牌明星却口碑爆棚《驴得水》,2239386,84692,5894,1608,1608
单机游戏,红警对手开黑网吧2连坐！提前把主要路口锁住，对手无计可施！,235513,16454,1221,112,112
科学科普,连续但处处不可导，魏尔斯特拉斯函数，严谨数学下的妖兽,586156,28602,1493,1989,1989
单机游戏,Epic周免预告：要3A有3A，要艺术有艺术,298206,10388,119,1348,1348
短片,去看一场春天里的三角梅吧！,1186192,70159,236,2158,2158
社科・法律・心理,6个最容易把关系处烂的倾听习惯，你遇到过几个？一定要警惕！,205576,15123,1001,2273,2273
综合,【熟肉】日本人来中国当大学日语老师震惊到的3件事 | 猫meme,744062,39330,785,1026,1026
电子竞技,每一次成功都需要无数次的失败去铸造,287825,27868,112,145,145
影视杂谈,女子在超能力世界，却是唯一没能力的，被每个人完虐好崩溃【科幻Fans 布玛】英国超能力喜剧《珍的不一样》第一集,1373484,71236,951,384,384
MMD・3D,花火：我可以变成任何你想看见的样子哟……～,532345,40854,305,1572,1572
搞笑,除三害，但是cf音效,781068,22492,898,5837,5837
搞笑,看为师救你于水火,237106,29628,206,111,111
影视杂谈,一次南下巡演，两颗心的救赎，他们的友谊感动了千万人,2558777,29701,424,64,64
搞笑,当你的女朋友是学导演的……,1275023,149877,2200,4304,4304
粉丝创作,起猛了 我爱豆的哥哥成我老师了……,209761,32640,420,4931,4931
影视杂谈,羰基生命，行星转子，星际闪电，硬到掉牙的黄金科幻名著――《长跃号》,71722,9240,130,149,149
喵星人,好好好，这样玩是吧？你晚上总有闭眼的时候吧！,676738,19787,760,1968,1968
单机游戏,当我的世界只有洞穴？！！！！,247899,22416,530,60,60
美食侦探,居然还有15元的抄手自助？！上他一课！,207237,22491,224,265,265
单机游戏,注意这间汉堡店！肚子再饿也别进去消费！,289925,21283,3362,327,327
日常,我和意大利小子分手了！结束两年异国恋情 恢复单身！,2302943,254899,6189,5527,5527
乐评盘点,求求别再毁歌了！好好的歌曲非要变个速，把原唱修成少萝音！,1349046,21849,1273,178,178
家居房产,同户型不同装修大PK！职业、MBTI对装修的影响居然这么大... |RoomTour,90014,5344,1203,777,777
搞笑,你们的语文老师要是看见你的小说写成这样，不得法院见。,1386128,137278,890,1079,1079
VOCALOID・UTAU,【AI武器】《天下》,176583,12614,245,633,633
手机游戏,《魔力宝贝：复兴》情怀动漫丨你还记得那些陪你魔力的人吗？,300462,10506,126,492,492
音乐现场,今天听这首歌的人都是最可爱的人,106384,15267,2609,1931,1931
小剧场,“没关系”就是最好的关系。,94660,9307,367,1007,1007
影视杂谈,妇女节，这样的女性电影不配排片吗？,256415,16518,301,1056,1056
美食制作,这么多口味都拿不下你？,565973,83801,837,1046,1046
数码,【短的发布会】魅友狂喜，最后一部手机魅族21 Pro上演狂风呼啸魅族前高管,160178,12856,494,310,310
桌游棋牌,真人特效三国杀！关羽大战哥斯拉！,1607685,95229,2542,16059,16059
鬼畜调教,明星大侦探，但是Wife,228998,16890,226,841,841
日常,一个被困在船上27年的船长,588385,141574,646,547,547
汪星人,小狗：妈 我真长这样？？？,438176,56304,126,8907,8907
音乐综合,纪念漫画家鸟山明｜《龙珠》片尾曲《将浪漫献给你》――虮境薄Hi-Res】,108470,7155,247,1030,1030
短片・手书,《蛊真人》第七十集：群狼袭寨！,108137,14145,1091,283,283
社科・法律・心理,男子手持木棍冲向警员，遭警员开7枪击毙！EP321,258664,22403,2946,366,366
鬼畜剧场,?宿 管 查 寝?,220081,10867,416,1860,1860
影视杂谈,单方面申请所谓“be美学”也管管女主死活！！！,176248,12141,1267,320,320
喵星人,《一个美好的愿望》,305004,61432,252,192,192
搞笑,年度宿舍最佳室友提名,436474,60657,808,1959,1959
鬼畜剧场,小 丑 宝 宝,331606,24655,704,1116,1116
科学科普,配享太庙！都江堰，有多神奇？为何能改变成都？【4K】,398108,37199,1308,4051,4051
手机游戏,【明日方舟】“水晶箭行动”CR-1~8平民低配全关卡攻略（含EX）！操作轻松+语音详解的愉悦攻略！《明日方舟》|魔法Zc目录,164451,13955,433,295,295
音乐现场,【官方音源】G.E.M.邓紫棋《Amazing Grace》(Official Lyric Video),219414,20990,1385,1569,1569
明星舞蹈,DIY超还原打歌服！Super Lady全曲翻跳｜MV灵感10套换装｜超长制作花絮,57344,11111,404,150,150
小剧场,“把海弄干的鱼在海干前上了陆地。” - 最后一片海,69311,6372,403,429,429
日常,小时候我们一起上学，长大了我们一起上班！！！,81051,11426,1220,327,327
单机游戏,我的世界：巨型工具3，超巨大钻剑，可以御剑飞行,159724,14793,1984,144,144
电子竞技,关羽五大终极技巧！,693213,46252,369,1403,1403
单机游戏,宝可梦帕鲁竟是我自己？？【幻兽帕鲁宝可梦MOD】,175241,11264,388,1620,1620
美食侦探,探秘美国纽约黑人犯罪区的手枪腿炸鸡是怎样的？！！,1228016,112029,825,695,695
动漫杂谈,面对芙莉莲原作最拉跨的篇章，动画组的选择是？,304473,10744,523,287,287
单机游戏,9年前因玩弄人性引起热议的翌日游戏？恐怖程度堪称地狱级别！,62610,4735,358,97,97
手机游戏,【明日方舟】艾拉实战测评：在她绝对的强度面前，限定好像只是个添头！强烈推荐抽取潜能！,603027,13241,1189,1508,1508
短片・手书,闲云：芝士申鹤，她很可爱~〖白白剧场〗,214966,31337,802,805,805
鬼畜剧场,皇 室 战 争,541911,54665,462,1264,1264
手机游戏,疾风传时期就偷偷学会天手力的屑佐助,431406,22037,167,3482,3482
赛车,“一场让参赛选手近乎崩溃的比赛”,88398,8306,1172,294,294
手机游戏,目光所及之处是你、全是你――「眸光映照处」PV公开,272934,17700,1386,6020,6020
单机游戏,【惊变群岛100天】丧尸变异！庇护所沦陷！#16 我的世界,210517,6988,237,19,19
汪星人,恩佐小虎差点以一己之力，让豫西狗场重新洗牌，多亏黑豹及时出现,903799,23091,790,456,456
综合,农场强化封锁区现状――,95202,9191,217,211,211
美妆护肤,暗黑的白雪公主！ #血腥疯批美人5#模特日常#迪士尼童话#变装#化妆教程#黑化公主#暗黑系#疯批美人系列#沙雕日常！,352652,64230,160,304,304
科学科普,【物理篇】派蒙讲物理――力,165830,37548,367,2719,2719
日常,小朋友拍cos照不开心？拍照不满意？,230916,64154,247,325,325
动物综合,罗爷爷祝各位女同志们节日快乐 欢迎3.8日免费参观哦,317568,248276,758,168,168
搞笑,大一到大四恋爱观变化,491141,63245,297,2778,2778
手机游戏,全近战六星干员 VS 马特奥・二阶段，艾拉首战告捷！,194898,13042,1303,149,149
仿妆cos,我都成年了！怎么还有防沉迷啊！？,624635,122971,171,1751,1751
财经商业,三年间，电影市场天翻地覆,109979,6698,1810,359,359
搞笑,穿马面裙在伦敦街头送路人花，他们的反应是?,537188,150711,422,3863,3863
搞笑,全球发音是什么梗【梗指南】,1160742,85041,950,12171,12171
宅舞,草莓大蛋糕勇闯拜年纪的内心活动,1352522,64661,106,518,518
MAD・AMV,"""在这痛苦世界   是你让我知道了何为爱"" / Call of Silence",185573,24368,127,527,527
社科・法律・心理,深度 | 信教的人不怕死？邪教背后的2大哲学《周处除三害》,636357,32113,2077,2096,2096
日常,大学有“家长群”？毕业啃老，不怨孩子！,545681,62831,253,2245,2245
影视剪辑,“枪声响起的那一刻，艺术达到了巅峰！”,235631,32607,103,271,271
日常,穿山甲又开始创业了？,997724,86298,2685,1187,1187
娱乐杂谈,今年谁会爆梗出圈呢？《浪姐2024》选手前瞻,479334,15289,4375,690,690
电子竞技,文森特：双排意外撞车骚男！曾国服第一男刀与国服第一德莱文的碰撞！！,917359,49876,972,679,679
影视杂谈,十八年了，佟湘玉还是被低估了！《武林外传》人物品评,125120,5791,876,382,382
桌游棋牌,他们是沙海中的巨型霸主，被人类奉若神明的存在-《沙丘》背景故事,104583,8526,772,483,483
仿妆cos,自从知道卡妈跟图图妈…是同一个人之后,650244,71436,5,617,617
职业职场,香港最美搬运工，拒嫁豪门，只靠自己！,934876,156745,1008,1144,1144
财经商业,中国现在最富有的女人，你们知道都有谁吗？,1001688,109743,3430,4873,4873
搞笑,《孙子你是真孙子啊！》,212651,30688,188,1003,1003
汽车生活,大 舅 哥 说 车,556714,36318,4806,977,977
财经商业,【36氪】精装房买一层送一层，活在东北的年轻人直接开躺？,315021,16430,1078,5206,5206
电子竞技,狗头：孩子打完游戏怎么不睡觉？,119814,14244,1359,209,209
影视剪辑,笑死!!18年前央妈就教内娱怎么拍好仙凡恋了!!这版许仙直接男主人设天花板啊！小时候看不懂现在才明白他的情意字字珠玑！果然这版许仙才最值得白素贞水漫金山啊！！,887346,76001,2474,6987,6987
单机游戏,杂交传送带,578696,33108,702,287,287
鬼畜剧场,?国 王 疯 了?,175501,20518,384,467,467
日常,你们要的猫耳脑袋教程,735531,53624,80,16901,16901
出行,“像故事的开头还是结尾”,265174,22530,368,975,975
穿搭,千年无名女性图鉴・没有“名字”的女人,325266,101559,388,1121,1121
汪星人,我承认我有赌的心态,2053383,197898,594,5535,5535
原创音乐,《你的眼神是一场盛大的废墟》,85880,14368,79,695,695
单机游戏,玉米投手娘化！你需要一份黄油吗？,462617,56341,573,1375,1375
影视杂谈,妈妈要我替她顶罪？一对母女的极限拉扯!黑暗神作【血观音】逐帧解读⑩拉片,129457,11562,557,155,155
美食制作,当我妈嫌我脾气不好拒绝给我做饭后,123865,12767,2292,567,567
配音,我终于明白，什么才算真正见过世面：,160005,10693,333,646,646
喵星人,不敢想躺在这样的猫堆里有多幸福,653349,210649,504,3210,3210
影视杂谈,万字拆解《沙丘》：结合原著，看懂故事，搞懂世界观，做足功课去看《沙丘2》,427930,20917,4314,7127,7127
影视杂谈,施主时代变了！和尚物理超度特务，惹了方丈还想走《五号特工组》P5,70884,5593,389,39,39
网络游戏,小高玩M4,227908,20041,547,384,384
电子竞技,我们马可玩家真是太有盼头啦！,2932968,111058,1930,792,792
宅舞,郅卧☆,232403,59073,716,674,674
综合,【国语】流浪老哥变身精神小伙，精神病人被重拳打得鼻血直流，八角笼中谁主沉浮？――《功夫》像素游戏？,106302,13110,787,1225,1225
动漫杂谈,宿傩打出黑闪！咒术回战253话情报来了！,919305,41256,2402,7623,7623
国产原创相关,灵魂穿越到不同动漫世界，而且还能共享能力？【十人碎片05】,589851,18028,688,163,163
桌游棋牌,【逗鱼时刻】第415期 60血，打死我！,545326,29954,3551,889,889
电子竞技,版本最强操作怪！学会必上分！,186915,9817,285,218,218
搞笑,【汉语学习篇】日本单亲妈妈去中国后，价值观发生变化的故事(5)【猫meme】,1559061,144567,1967,3204,3204
社科・法律・心理,30岁的我接到了26岁打给自己的一通电话。,1437474,177755,984,11721,11721
汪星人,我的狗不会吵架，我替他们吵,730276,112315,798,10367,10367
健身,轻断食指南 | 断早餐还是晚餐？怎么吃健康又不痛苦？,365243,13331,300,1528,1528
小剧场,瓦龙：我可没打算花钱买,4554626,803971,713,18286,18286
单机游戏,木鱼重启你做我玩系列，却没想到被作者当成猴耍？,73649,10879,876,151,151
社科・法律・心理,毁掉前女友、谋杀室友、30年嫉妒100多人...自恋巨婴的3种下场：精神病院、监狱、坟墓,78324,4842,933,959,959
短片,脏老师；微笑是一种礼貌，也是一种警告-《集市风云》第十五集,600820,56817,409,649,649
汪星人,"人与动物和谐共处,目前最强的咬人恶犬哈士奇六六",212181,24630,1294,2340,2340
小剧场,假如采访恶毒女配们,192941,31528,113,433,433
手机游戏,帕姆放映厅?|?「你好你好，我是花火。」,387371,56126,150,1244,1244
手机游戏,黄猿…紫狗…骨架等全部阵亡…和拖更云一起疯狂上香！！,305229,30143,464,2394,2394
演奏,妈妈又把闺蜜叫来拉琴啦！这次是《晓之车》，中间有惊喜！,44637,6036,235,461,461
日常,与伴侣父母合不来，能结婚吗？体验“两头婚”的小夫妻｜年轻人为何被亲情关系困扰？,70312,5663,684,1328,1328
小剧场,坏了坏了坏了！惊喜变惊吓了！,507202,40749,331,553,553
单机游戏,【IGN】《守望先锋2》×《星际牛仔》联动宣传视频,134537,6051,177,5395,5395
社科・法律・心理,如何减少语言中的性别歧视与偏见？,103775,13331,791,1285,1285
手机游戏,永恒佐助、九喇嘛鸣人、百豪樱、仙鸣大削弱！忍战樱、百战水门大加强！新版本全忍者实际改动详解！,229501,18591,1556,722,722
田园美食,大海退潮后，大庆赶海发现还在开着花的红色海葵，好像石头一样,137448,13179,644,99,99
搞笑,开工抽奖这件事，谁才是掌管运气的神？,153135,13958,585,169,169
绘画,线上评画评着评着急了,408019,60225,1630,11669,11669
搞笑,大家什么情况下会内耗啊？,1911605,239059,252,3223,3223
短片・手书,【手书】“我爱你，那些问题我都没关系”,122122,32756,45,505,505
日常,参加了b站的音乐综艺，第一轮就被淘汰了….我不甘心,491919,26337,984,290,290
手机游戏,不再只是饮露履虫 新的时代 甘雨在深渊之外获得全新的力量（也有可能是赛诺）,211808,12289,1114,874,874
绘画,原来素描头发是这样画出来的^_^,563005,75746,786,2146,2146
影视杂谈,傻白甜是一种人生诅咒吗？喜剧人齐妃的后宫边缘人生,232656,15808,1303,724,724
小剧场,99%变100%的能力可以实现什么？,846206,64641,357,67,67
喵星人,给院儿里的小流浪猫制作“饮水器”,338843,53632,327,132,132
明星综合,【时代少年团】生日特别企划・宋亚轩篇《就是这么绝！》,698981,54984,50064,1574,1574
搞笑,都行哥和随便姐,891644,59367,146,730,730
手机游戏,点错是你的谎言！90级忍具开启，400万战力达成重夺榜一！从零开始的火影之路（十）,454248,20449,531,272,272
乐评盘点,周处除三害的音乐竟然是这么做的?丨HOPICO,99842,9071,419,1090,1090
手机游戏,【无派蒙原人】这个宝箱在这里放了快600天了,202951,28969,185,36,36
预告・资讯,甜死了！单亲妈妈与男团主唱姐弟恋！R级《关于你的想法》首曝预告，安妮・海瑟薇+星条红与皇室蓝男主,514760,16078,570,5961,5961
美食侦探,探秘全球十大自助餐！8星级皇宫自助！中东土豪吃什么？,1803079,130810,5550,5072,5072
穿搭,推荐一些没有班味的连衣裙！！！！,783694,30698,1503,1452,1452
音乐综合,【李玉刚】听说爆改很火，我也试一下！,479613,111679,280,718,718
家居房产,如何做个像云朵一样的沙发,272104,47190,212,259,259
日常,当我拿11个性别问题问5岁儿子，我被他的逻辑惊到了！,309991,14326,2264,5406,5406
日常,在一起四年，结局是遗憾,864331,74044,910,7086,7086
短片・手书,七十七集：钓鱼佬的争执，师傅直接钓六十万斤大鱼,98094,8626,456,78,78
日常,如何优雅地泡面,273297,37708,837,1979,1979
日常,"【MrBeast官方】$1对比$1,000,000酒店有什么区别？",857132,77593,2758,1330,1330
手工,卫衣刺绣,873108,88155,124,1582,1582
原创音乐,《重返未来：1999》EP | 门 The Doors,96305,15741,120,1058,1058
小剧场,花了5980买了20个平板盲盒，我真是疯了,1062131,31386,752,189,189
手机游戏,【原神】你的账号，正在沦为痛苦号……,190638,25091,279,675,675
出行,Vlog｜在北海道做了一场不愿醒来的梦,522406,50585,3389,10731,10731
人文历史,“我掐她不是为了害她！”暴力男友与完美女友的扭曲爱情,253543,15294,867,194,194
单机游戏,【粤语】大湾区特供版/流浪老哥变身精神小伙，精神病人被重拳打得鼻血直流，八角笼中谁主沉浮？――《功夫》像素游戏？,111900,10732,706,1192,1192
影视杂谈,如果在年轻的时候，你还不清楚自己要什么，那么就请去好好的读书！,843891,47577,3466,3930,3930
电子竞技,FPS天才吗？我也是,539840,41743,260,1641,1641
手机游戏,0氪0抽 屯15W原石 残害10名深渊主播 写入封神榜 从未满星 这个视频将会刷新你的认知！（痛苦号连续剧）,1039142,79286,3198,6893,6893
演奏,不要让有绝对音感的人刷短视频...(3),85253,11878,697,327,327
动漫杂谈,【深度解析】CLANNAD十周年人物手记Vol.10――麻枝准,65348,12479,401,676,676
日常,果不其然北京的客户是小鸡词典...,281028,19438,1297,1247,1247
手机游戏,节奏差评杀不死的游戏，都是有东西的！,288969,20214,547,139,139
手机游戏,【原神】千织的嗨丝！看完千织PV当场><,206608,15757,260,89,89
单机游戏,逆转南明！假如大明没有灭亡，还统御了全球？【钢铁雄心4】,56203,5745,1479,122,122
美食侦探,这条视频一发…我不得被骂疯了？！,349386,29930,615,807,807
搞笑,离谱的规定后面有更离谱的原因！,2173343,196722,3549,2178,2178
小剧场,人一旦染上“班味”，这辈子就去不掉了…,2101946,202462,1300,12690,12690
GMV,米哈游：二创可以接地气！！但你为什么要接地府啊喂！？,188286,16518,464,1668,1668
日常,婚后第一次叫老公，他要上天给我摘星星！,577189,112246,190,927,927
汪星人,商家：玩偶你可以拿走，副店长给我留下,1370655,183629,267,10058,10058
科学科普,了解一下人体子宫的样子,2403926,190972,3509,2910,2910
美食侦探,简简单单吃肉,1121016,112651,1616,1978,1978
出行,雪中的阿克雷里，浪漫遍布了每一个角落。,357996,76611,84,2888,2888
单机游戏,非常像翌日的游戏，我要经历四天的崩坏！《Tyl3R5》,168055,19261,2188,573,573
手机游戏,他的动作难以预测,287575,27379,157,785,785
影视杂谈,中国式教育对孩子的影响有多大？每年都会看一次的国产电影，太真实了《阳光普照》,517703,42420,745,604,604
科学科普,回暖阴冷来了！华南等大降温将持续湿冷，冷空气主力缩回西伯利亚,343149,26075,1275,1261,1261
手机游戏,所以你好，再见。,1031406,63834,294,290,290
手机游戏,投票第一？这游戏到底有啥魅力？粉丝都让我来玩？,253830,37515,830,227,227
桌游棋牌,【狼人杀】神兵天降 觉醒孤独少女带飞！,75546,5843,468,182,182
人力VOCALOID,【曾焦阳】伤心的人别打焦哥,429847,43832,917,9221,9221
音乐综合,纪念漫画家鸟山明｜《龙珠Z》片头曲 CHA-LA HEAD-CHA-LA――影山浩宣【Hi-Res】,116162,6121,211,484,484
科学科普,中美AI哪家强？我们组了一场“图灵高考”,351614,30357,1955,2283,2283
美食制作,雨姐今做一个黄面条,233984,25260,456,815,815
VOCALOID・UTAU,【AI上单五甜】《Love Story》,668691,39198,575,3409,3409
搞笑,忽然在爸妈面前极度自律！脱胎换骨！他们直接吓傻了！！！,108695,10295,502,58,58
出行,长白山vlog | 山川不只有白雪，还有治愈,263693,23466,228,530,530
影视杂谈,胆大包天！天真有害！《周处除三害》能不删就别删【影评人毛尖】,504487,38696,1352,2419,2419
日常,我，战鹰本鹰，登《男人装》封面了。?,850665,55521,1078,5849,5849
热点,全新上线！中华文明国际形象网宣片《CHN》,442045,51288,0,4186,4186
综合,【熟肉/Veibae】早上好中国――！,202763,14765,489,1518,1518
电子竞技,别急，玉城大帝就快来了,565027,33880,218,153,153
赛车,村长F1|平地一声雷，红牛爆内战！|24R1巴林,89480,6754,730,729,729
明星舞蹈,是谁切胆手术前还在病房蹦Q？！｜浅变一下,1020413,209890,261,1303,1303
手机游戏,一期视频告诉你农场强化封锁区有多么抽象！,83117,6901,266,127,127
搞笑,进来感谢格洛克尊者,162991,13573,222,2374,2374
预告・资讯,世界核战末日200年后！游改废土科幻大剧《辐射》正式预告，西部世界导演！04.12上线,389403,17008,1454,10579,10579
影视剪辑,“那些影史上难以超越的经典镜头”,876377,154999,141,1787,1787
影视剪辑,《父母的消费观》,1150966,213750,1103,3160,3160
搞笑,刚开学，老师被抓了怎么办啊哈哈哈哈哈哈,1064630,126567,994,5015,5015
手机游戏,? 我的火影兄弟 ?,102228,16511,55,900,900
手工,袜子破洞不要扔，顶针来补,512431,20214,573,1171,1171
鬼畜剧场,? 等 我 当 上 面 壁 者 ?,317852,36182,751,3492,3492
设计・创意,电影感拍照姿势快学起来,725958,60446,83,2408,2408
影视剪辑,【赛博朋克2077：往日之影 美剧版】第一集 “狗咬狗”,40558,3501,490,472,472
动漫杂谈,《生肖造神日记259》―真正的朔望月。,81474,7134,328,88,88
单机游戏,【RUST腐蚀生存】10000小时的独狼玩家，如何在全是老外的岛屿上生存下去！！,229718,16489,625,196,196
搞笑,当兄弟有了女朋友,1410255,177325,203,13073,13073
影视杂谈,女孩出生14天后被遗弃，养父打工供成博士，24年后亲妈拿50万认亲,428648,22644,1551,128,128
美食制作,酱香浓郁酸甜适口的三汁焖锅用电饭煲有没有搞头？,123490,17537,217,399,399
MAD・AMV,“这又是谁的遗憾”,201722,35844,297,914,914
手机游戏,个人强度请勿上升到忍者,717909,38149,281,1604,1604
搞笑,当山川不止出现在教科书里，而是在你我脚下,180401,38619,154,135,135
日常,大型纪录片《善良谎言传奇》持续为您播出,1756762,65062,90,101,101
日常,相亲三年后，我妈终于绝望了！！！！,839693,78310,7883,7907,7907
手办・模玩,Chiikawa自制中字 第148话「睡衣派对5」,197699,15119,617,10565,10565
仿妆cos,川渝女生的区别在哪里？,636604,83705,187,2291,2291
绘画,樱桃好贵啊 我摘了十八年才吃到,625924,79211,321,1274,1274
搞笑,警察：举起双手！,365407,47895,56,3754,3754
搞笑,这么好听的歌不能只让我独自欣赏,461189,64230,983,2497,2497
科学科普,痛经？月经紊乱？白带异常？这些「妇科慢性病」什么时候该去看医生？,494339,39533,4469,11986,11986
影视杂谈,中国教育劣于西方？这部中国和丹麦学生PK的纪录片，给出了答案！《丹麦9年Z班》,578350,23929,7291,766,766
汪星人,别再让你的小狗为巡回受苦了,875133,101428,230,2477,2477
单机游戏,挨打是动捕演员的工作内容之一【受击纯享版】,1031488,85810,285,905,905
日常,变身！御姐！,385621,55316,75,517,517
音乐综合,对话，陈粒粒粒粒粒粒！,712623,43356,1646,5768,5768
搞笑,如果地球的直径有一光年？,763632,24110,614,142,142
动物二创,这就是管道的原理,125839,15516,160,796,796
数码,【御成佳能】看完嘴角上扬！灵魂野生动物摄影,277389,53654,51,1208,1208
电子竞技,瞬秒流钟无艳，伤害高得离谱，能抗能打，瞬间爆发的伤害没有哪个英雄抗得住，不掉信誉积分系列教学,732480,27740,258,817,817
手机游戏,【战双帕弥什】新版本「幽塔黎光」PV公开 | 身陷樊笼，耀明寂暗,876638,30749,1330,2390,2390
单机游戏,【幽灵】自制逆天马里奥！阎王看了开口笑！！,280810,31393,448,144,144
乐评盘点,汗流浃背！国外声乐老师误入K歌房 林志炫 x 黄霄云 x 信乐团《千年之恋》REACTION,152097,7587,4503,289,289
出行,“黄山，随便一拍都是一副水墨画～”,297873,76352,945,5532,5532
电子竞技,剑姬：打完睡不着了！0-10了爸爸！别杀我了！,340216,21147,2388,74,74
单机游戏,【中式梦核】个人独立游戏开发画面演示,493602,110614,468,4185,4185
音乐综合,没想到这些这些歌曲都是我唱的吧~数数看我的热歌你们都听过几首？,168172,36335,694,655,655
单机游戏,折磨！当整个MC都想要了我的命！,1155352,135373,3466,940,940
国产原创相关,你变身成迪迦 在各个奥特曼副本里拯救世界P29,430768,10761,617,63,63
运动综合,八卦掌的黑手！（真正打人的东西不会上电视）,1785449,126118,272,816,816
手机游戏,《全网首杀》艾拉全程单人N15强杀骑士！！！,130970,9741,548,1852,1852
手机游戏,勘探员玩家特有的三块磁铁没法修机,269841,30139,307,507,507
影视杂谈,尸体做大提琴，声带做琴弦！魔鬼腹腔共鸣《汉尼拔》之奶酪诺曼洞,593704,54732,2373,1302,1302
动漫杂谈,评分9.9，全球动画好评榜前10！这部番到底凭什么让无数人破防？,255803,27000,492,823,823
搞笑,骑翼装飞行,608827,80598,439,420,420
设计・创意,如何用ps将人物液化调瘦,116386,11442,106,762,762
手机游戏,【星铁整活】花火：这个打火机怎么有个按钮？（按,153971,23701,290,271,271
特摄,【吉冈毅志】活久见！高山我梦在B站自弹自唱了盖亚奥特曼主题曲？,155693,24751,587,1293,1293
健身,短发女生｜咱就是单纯给姐妹们展示下背阔肌,766791,50133,242,3756,3756
财经商业,中产终于不装了？别闹，中国哪来的中产,1065714,45936,4806,4092,4092
人文历史,“好女人怎么能去理发店？”“为什么不能？”,678889,109095,79,158,158
单机游戏,随机有用植物VS随机僵尸96-100冠军之战 谁才是最强队伍！,119065,12364,2761,250,250
出行,探秘印度最贵酒店，印度富人的第二个家，连服务员都是婆罗门,1025334,73470,11632,3074,3074
家居房产,来看看，你们都给我推了什么离谱的东西（上）,389121,48035,826,709,709
美食记录,免费吃火锅是什么体验？,405963,39263,285,887,887
野生技能协会,第一次送照片！被北京人整不会了,606790,88607,803,1081,1081
手机游戏,《迫害方舟》今年最菜BOSS，永久卡死，被小装置单杀？,330088,21682,305,3833,3833
运动文化,当平均月收入两千元的县城拥有一支中超球队后，足球对于当地人的改变是什么？梅州五华足球之旅的一份体验报告。,355850,11330,818,1391,1391
动漫杂谈,这次真要看爽了！2024年4月新番导视！【泛式】,1939220,202606,25889,17493,17493
汪星人,小狗：好好好 跟我玩心眼是吧！,1625376,194667,200,15250,15250
国风舞蹈,毫无天赋可言，还好我是个犟种,1456025,96716,75,219,219
野生动物,兔狲：听说你们都说我掉帧,147885,35364,293,942,942
特摄,为什么十年前的银河救活了奥特曼这个IP？看完这个视频你就懂了【银河奥特曼吐槽】,29902,2621,272,39,39
国产原创相关,第168集：老六：别跟我说，我太弱了,76840,8448,225,41,41
手机游戏,【流萤/xp鉴赏】不搞涩情却人气爆棚？一个视频告诉你她凭什么被那么多人喜欢！解读崩坏星穹铁道流萤角色设计！流萤好看在哪里？匹诺康尼剧情分析！黄泉砂金知更鸟萨姆,339282,17768,1264,835,835
明星综合,[INSIDE SEVENTEEN] GOLDEN DISC AWARDS 金唱片幕后花絮,73007,6636,3550,388,388
网络游戏,等我当上小丑，我会定义新的枪法【彩六病友时刻#54】,48373,6453,603,1212,1212
美食制作,戳下去的那一刻！我整个人都...,438816,27690,206,763,763
短片,如果顺利的话，我不会出生。,648673,12748,430,764,764
小剧场,欢迎来到我的辟谣大会,170795,52362,75,535,535
搞笑,极度悲伤！新郎婚检显示为女性【阅片无数3rd 29】,679895,72629,2782,871,871
影视杂谈,5岁女孩的“复仇”路，被拐26年后，她亲手将人贩子送进监狱,587955,53008,2106,874,874
软件应用,除了玩手机，独处时还能悄悄学这4大技能！,232637,17080,120,907,907
日常,猫meme丨新入职的高中老师令人崩溃的一周,997809,62590,461,2673,2673
单机游戏,【钢铁雄心4】绝境战狐巴拉圭 丨新DLC忠诚试炼,217762,20789,1811,715,715
时尚潮流,带妈妈体验女明星的一天！雇十几个群演扮狂热粉丝，场面一度失控！,395735,37460,2631,1071,1071
影视杂谈,【林中小屋】60几种怪物，眼睛找瞎了。,366785,12356,3840,470,470
搞笑,来法国莫名其妙学会了法语,425702,83436,333,8508,8508
影视杂谈,借闺蜜老公结婚生子 孩子出生后鸠占鹊巢 取而代之！,530033,35399,4916,9658,9658
MMD・3D,够不着她 我选择包容,230887,41073,437,2319,2319
数码,大晚上不睡觉干啥呢,572845,33791,60,4302,4302
科学科普,啃硫黄乱象频出！是治病还是索命？,952976,88102,5685,8424,8424
MMD・3D,【原神HoYoFair】等级不是问题,1823408,349411,10224,43980,43980
娱乐杂谈,被点名的猫一杯，到凉都不知道自己错在哪。,910927,26343,4398,1097,1097
新能源车,小米SU7性能对决极氪007！谁更快？,761940,100359,6308,6074,6074
数码,【HUAWEI Pura】全新姿态，再出发,237592,15073,1241,5212,5212
美食记录,芬兰家人第一次看百大领奖现场被惊到傻眼全家笑疯！疯狂抢食腊排骨火锅豆豉火锅太惊艳！畅聊中国行开心到裂开！,607769,75440,6368,396,396
汽车生活,全网首发！UP主亲身实弹测试！特斯拉赛博皮卡到底防不放弹？,735061,84458,4318,4406,4406
三农,中 国 人 有自己的中二病,417669,74219,516,4165,4165
鬼畜剧场,【猫meme】当老师叫你同桌上去读作文时,906355,138453,110,5664,5664
三农,147.3万硬币，把所有的利润一天花完是什么体检，到底会有多少钱呢？,1046387,90433,2093,400,400
社科・法律・心理,跟大家聊聊猫一杯吧，这种短视频风气我实在不吐不快,2194530,204732,5852,5159,5159
人文历史,找到了！这个背着药箱冲锋的背影，她终究没有跨过那条江,1209770,139069,3580,1874,1874
美食侦探,【老王x老马】简简单单吃个羊羔肉，离婚侄子，浇给~,574485,62723,3561,2997,2997
出行,来了,1177836,80912,2005,2417,2417
搞笑,这个家没王妈真得散！！,4395496,395277,6534,11348,11348
日常,抱歉久等了！终于有结果了！,522570,126442,2028,797,797
极客DIY,重生之我回到末日前建设末日地堡（一）,917040,124246,3324,4567,4567
健身,吃自助餐还送奖牌？499元莫干山30公里山地自助餐，鸡腿包子炒饭不限量畅吃，能回本吗？,436776,31846,3676,1800,1800
搞笑,满足了甲方的癖好?,5671593,569888,9054,22741,22741
人文历史,史上最恶心的皇帝,443065,28435,1597,874,874
手工,好可爱的笔！圆嘟嘟的怎么写字啊？,1544850,210263,4247,868,868
电子竞技,【2024LPL春季赛】4月14日 JDG vs TES,710480,7923,8782,243,243
人文历史,苏联人如何搞互联网？【神奇组织19】,2352802,197422,29922,8693,8693
人文历史,中学生、大学生、社会人，谁的知识储备更多？,372911,26141,4313,517,517
搞笑,各地朋友，这些是真的啊？,761442,82864,2141,867,867
日常,中国人不骗韩国人~中医太神奇呀!,587938,60647,221,2465,2465
足球,新王诞生！勒沃库森提前五轮夺冠！凯恩梦碎，拜仁11连冠终结！,280479,15263,937,1008,1008
MMD・3D,【原神HoYoFair】暗流之下 | 先驱EP3【狄龙顾dillongoo】,283969,45199,1850,3661,3661
综合,《蔚蓝档案The Animation》第2话：我不同意！,262153,33198,12179,4092,4092
职业职场,职场里，如何欺负一个性子软的人,1842939,252627,861,10462,10462
软件应用,李跳跳重制版，真的会让你直呼卧槽！【第2期】,503249,17631,396,1756,1756
影视杂谈,凶手嘲笑受害者家属，法官：本来无期现在死刑！超解气庭审合集,991356,34832,4428,414,414
搞笑,感觉腿都不是我的了，走不完，根本走不完,1087875,181107,2177,1437,1437
运动文化,张镇辉台球正经教学【6个不太建议使用的技巧】18.0版本,2870593,353232,3070,14229,14229
单机游戏,【STN快报第七季53】为了拿百大我搞死了所有同事,657643,54884,8084,1245,1245
搞笑,? 卧 龙 凤 雏 ???,2551837,176783,8071,1608,1608
国产原创相关,当熊出没遇到《wake》，整个狗熊岭都燃起来了！,2260931,74514,3059,2210,2210
单机游戏,“12万的预算我也就贪了11.9万而已”,1393309,103519,838,416,416
单机游戏,路口减速包，真是天才设计,1082154,36936,6209,2381,2381
搞笑,美国政府全面禁止Tiktok,1822999,250769,2518,13221,13221
人文历史,英歌舞5岁小女孩,4640151,292540,435,882,882
搞笑,《被神抛弃の人》,524581,86563,816,4437,4437
动漫杂谈,离谱！和我对线一整年的喷子竟是我推的偶像？【新番日推12】,181581,14233,667,1986,1986
电子竞技,【真实锐评 TES JDG】 恭喜TES 6-1拿下京东挺近MSI 小天哭了！,287202,12374,1179,203,203
出行,当我来到世界尽头,677072,51838,2983,12810,12810
国产原创相关,当我带老爸欣赏弱智吧语录，看完感觉我才是弱智,2180333,225189,4469,5578,5578
搞笑,求求别立爱女人设了!,886412,112944,3654,6943,6943
穿搭,168cm/50kg 嘘！偷穿老公的衣服～【清清的穿搭分享】,376908,15217,186,1105,1105
搞笑,咱爸成佛了,351785,50032,211,555,555
单机游戏,【猫meme】我爸说有种你就几天涨十几万粉丝,1078921,238898,1729,189,189
影视杂谈,【扁豆】太敢拍了，中国顶级讽刺片！看完我沉默了！《假如我是真的》,958633,86172,6421,7449,7449
美食制作,狠狠教训这些浪费食物的网红,4314913,690057,1611,1406,1406
动漫杂谈,“七剑合璧后，杀掉马三娘！”【虹猫蓝兔七侠传X虹猫人物志】,484374,25573,463,322,322
设计・创意,机械时代的诅咒？为什么我国的作业册越来越丑？,102788,7033,417,516,516
日常,清明节 干殡葬的不放假,275109,40533,2143,299,299
桌游棋牌,值得吗？费尽周折拯救一只15年前死去的宝可梦,380567,24293,1392,3357,3357
电子竞技,在太后面前，谁能自称线霸？,586009,45943,928,255,255
搞笑,全新超市捉迷藏！谁才是真正的大侦探？,1646663,157071,4920,6636,6636
手机游戏,你跟我说这游戏是给奶奶玩的？？？？,146239,5613,789,917,917
搞笑,朋友 看似波澜不起的日复一日 一定会在某一天让你看到坚持的意义,476245,71883,389,1215,1215
日常,整蛊！把自己变成透明人偷偷蹭女友...再假装重度烫伤让她破防！,822379,54490,2727,1403,1403
短片・手书,穿越到游戏王，给动画里的阳间人一点小小阴间震撼,412131,28976,1626,987,987
网络游戏,DNF爆炸性大结局！宝哥增幅四件18后又冲击19耳环成功！半夜41万人在线！奇迹！狗托！牛逼！,746751,11743,955,2791,2791
校园学习,想学英语，看完这个视频，超级干货的汉英译,1661586,60156,429,1239,1239
出行,我不是针对普陀山，我是针对所有收门票的宗教场所,851485,97865,3794,3368,3368
日常,我发现一个中国人天天抹黑我们欧洲！我真的很生气！,2259001,276517,9531,5319,5319
科学科普,一个囚犯在晚餐时吃了放了2周的烤土豆，这是他的大脑发生的变化,421727,31580,4156,1905,1905
影视杂谈,【甄执124】皇上为何同意将安陵容的封号定为「鹂」？,342109,15403,2148,232,232
电子竞技,【D深情秋刀鱼】我的最新作品，快来一睹为快！,389220,73801,475,2517,2517
三农,得罪全班女生的后果,626415,50762,1834,1174,1174
网络游戏,游 戏 恐 怖 指 数 现 状,350650,39788,402,625,625
短片・手书,叫出租女友结果来的是姐姐,339019,42599,197,458,458
小剧场,吊车尾也有春天,2424227,345090,2322,2644,2644
影视杂谈,窝囊人集结，吵架吵不赢不是因为嘴笨！甄执颠覆性的吵架哲学,504192,30350,1725,4891,4891
桌游棋牌,编故事大王（3）,3066866,188905,18472,4741,4741
亲子,老妈爆改又来啦！今天咱就cos个叛逆学姐吧,1245663,179155,1562,13276,13276
美食侦探,探秘俄罗斯超市！100元能买什么？熊肉竟然都有卖！,979335,70684,6886,4339,4339
影视剪辑,是否还记得妈妈年轻时的样子，大型纪录片《爱你，老妈》,699429,95890,344,576,576
手机游戏,火上央视，这款中国游戏凭什么难有对手,873441,104685,3464,1811,1811
新能源车,小米Su7碰撞实测来了,198539,22327,491,1570,1570
演奏,金色大厅交响乐演奏星游记OP【再飞行】（迫真）,371716,49640,781,2825,2825
校园学习,在吗？结婚！,1817986,357368,14488,8126,8126
影视杂谈,当爱豆被“流放”？内娱小鲜肉这次真被“整顿”了！,350443,16881,2276,806,806
影视剪辑,“双胞胎弟弟去世之后，我爱上了他的女朋友”,638905,60050,9219,11587,11587
单机游戏,圣女的邪恶堕落？真相让全球99%的玩家破防！这款21年的游戏真结局让人落泪！,1133657,71432,1262,1093,1093
鬼畜调教,?我 在 5:20 睡 觉 13:14 准 时 起！?,2194215,433023,2206,22748,22748
美食侦探,告别早餐3大误区，精力爆棚一整天,389352,33445,88,1468,1468
健身,【奥运冠军的脊医博士后】腰突不焦虑！科学吊单杠！腰突星人福音！,2176100,146670,589,11663,11663
出行,河南郑州农村里的一个老中医，擅长治疗皮肤病,1226674,134892,258,802,802
影视杂谈,大明奥斯卡！装傻大师对决装疯天才！国产第一神剧深度拆解！第25回,388396,27196,2898,369,369
搞笑,（当 代 热 门 游 戏 现 状）,721113,76652,6372,1583,1583
小剧场,陈翔六点半：职场无间风云起，反间计里定乾坤,797200,72201,1836,1229,1229
美食记录,韩国女校食堂5500元自助午饭长啥样？（草料哥今天打包）,528873,67721,538,95,95
GMV,“甜度最高的一集！”女角色向你告白，谁能俘获你的心？,318119,21828,961,2535,2535
美食侦探,全球最贵私人飞机，30万的机票！到底吃什么？,2008226,192085,4053,1997,1997
日常,有个重要的事情要跟大家说,519653,16913,402,710,710
影视杂谈,又一「生猛」华语片，爆了！穷人讲家教，富人谋家底，从教育方式，看思维差异｜年度最美台湾片《老狐狸》,256215,14866,554,1001,1001
手工,哇！抽到了真的红夫人！,923483,157088,638,3770,3770
科学科普,花9亿把黄河引到沙漠里，是超级工程，还是劳民伤财？,1662415,228225,4738,4558,4558
搞笑,赌赢了脱单，赌输了......,236478,19368,530,767,767
三农,老太太结尾说的那两句话，我这生蚝大包子吃的挺沉重啊#榴莲,388072,49823,618,461,461
影视杂谈,彻底戳破大女主人设！《承欢记》逆天吐槽,833952,25463,7805,1009,1009
短片・手书,文明的交汇,122422,10880,152,512,512
搞笑,不同类型的外卖员,1621816,155809,914,1587,1587
网络游戏,线下“真实”粉丝？！使我想把他们的故事带给你们...,421076,55775,1265,587,587
新能源车,国产电动车，能完全战胜燃油性能车了？,1087317,114820,10014,4701,4701
日常,带你一起体验没大没小@爱鼓捣的邢志磊,5167029,489790,1922,19013,19013
MV,【自由自在】剧情版MV 大步向前走！,581455,35397,970,759,759
人文历史,【邓肯】西藏冒险王遇难之谜，关于阴谋的几种恐怖猜测！,1329448,97288,5354,1017,1017
搞笑,迪尼级【不要笑挑战】只有4.13%的人能忍得住不笑看到最后！！,995590,79951,3716,1116,1116
短片・手书,【我的幽灵女友官方】#60 奶茶，我学废了！,554903,80832,76,466,466
动漫杂谈,《名柯押韵梗》可惜你不看名柯，希望他们没有痛苦，一切都是梦境,495159,48322,301,2131,2131
搞笑,被谷歌翻译20次的“桃园三结义”：最强的卡组究竟是什么？每家洗浴中心的黑名单都有你！,519728,55128,8667,11508,11508
科学科普,极端天气越来越多，八零九零后们真的不能安享晚年吗,297347,21145,2625,2332,2332
日常,如果你发现自己的语言逻辑很混乱,404467,23779,101,906,906
单机游戏,?巨恐怖?→四人成行,213886,20282,850,1421,1421
网络游戏,那一刀以后，那个男孩的自尊心再也没有被打碎,322536,61716,186,213,213
日常,【诚】普通人大战黑心师傅：请点开这个视频，看见这个行业,802070,112477,2565,3844,3844
电子竞技,吉星赌狗的巅峰！238层加注，成功赌到数字1！,974333,57173,1519,6394,6394
手工,河北的地形条件有多绝！东有山海关扼守辽西走廊。西有居庸关镇守军都陉，以及与山西往来的太行八陉,797391,31221,354,848,848
人文历史,宫崎骏新片，不适合中国宝宝体质【毒舌的南瓜】,544346,42815,6251,6340,6340
日常,【毕导】重大的决定有时往往只是一瞬间,1044193,88292,3798,6088,6088
科学科普,【医学博士】“听话水”为何让人听话？| 被下药后如何快速清醒？,552158,73679,1945,3159,3159
娱乐杂谈,太能装了，被这群“活爹”笑死！【锐评近期爆笑装逼冥场面】,1190251,45620,21613,12010,12010
搞笑,我已经不懂现在的二手市场了…,301276,41096,224,91,91
影视杂谈,【阿斗】50万人拍案叫绝的国产犯罪经典，男主全程没有一句台词，看完却背脊发凉《暴裂无声》,1145467,58561,3806,988,988
动漫杂谈,[TV2] 平安夜还在网上和你聊天的陌生女孩子难道不是天使吗？2024年4月新番大爆炸（上）,34555,4258,1363,498,498
日常,网络热门“智熄”视频鉴定（66）― 塑料大米,308386,16390,309,127,127
三农,我那个呆子朋友，下乡给老人拍了13年的照片，捞到了太多好处,664535,119943,608,1517,1517
职业职场,请求方凯瑞CARRIE答疑解惑,239971,22485,317,287,287
搞笑,就这样的经历 谁来都得上头！,3467974,425430,3653,24669,24669
搞笑,姐妹默契大挑战，你们私下竟然是这种人！,700320,47190,959,426,426
综合,HoYoFair | 信仰之境：真实演绎,229385,35612,1219,3594,3594
美食制作,肉还能这么做？,1398886,62288,449,463,463
社科・法律・心理,【参考信息第241期】20岁加班毁50；英国弹性工作制,181952,10348,1277,438,438
手工,用金山做了个非遗泥金吊牌，这才是真正的中式奢侈品吧！,1071038,57063,166,117,117
日常,跟着气球去流浪，直到爆炸,5377175,246603,1365,6008,6008
新能源车,小米SU7，全国首撞！,7209840,396592,54071,52108,52108
手机游戏,最浪漫的一集！揭秘开拓者爱翻垃圾桶的幕后原因！流萤居然是苍穹战线格拉默的女皇？！【崩坏星穹铁道】萨姆寰宇蝗灾星核猎手卡芙卡刃银狼艾利欧了不起的塔塔洛夫,458387,65071,1241,7489,7489
电子竞技,孩子们，该吃暴击了！！！,1201075,86953,1496,782,782
美食侦探,别笑了，这道美食你也吃过,272483,32409,789,560,560
美食记录,真香！！！看见炊事兵背着枪就把菜炒了～,356864,51612,1392,715,715
日常,每天认识一个厉害的陌生人！今天认识余华老师！！,766695,182713,707,892,892
音乐现场,BABYMONSTER Ahyeon郑雅贤Dangerously认哥Live版,646608,67176,1782,8577,8577
美食侦探,特厨探店 |为了一个菜跑了一个城市！-保定永生号小吃,358524,32461,715,1686,1686
手办・模玩,一整年没有抽赏，我似乎忘记教训了。。。,163434,15429,1980,771,771
手机游戏,背负一切的终末之战！新区巅峰主宰终于诞生，我们是冠军！新区从零开始的火影之路（完结）,247815,17765,1183,182,182
绘画,【教程】屁股沟子和钢门定位法-轻松解决绘画难题之人体大透视,453167,48140,965,8689,8689
日常,查 房,827476,121736,1679,4990,4990
运动综合,学费回收计划：钓了个学妹,263279,26326,952,515,515
手机游戏,【星穹铁道】战意狂潮 (4.15已更)活动攻略/试用角色/扑满效应/生死边缘/独尊一魁/弱点突袭/益伤串流/无尽行动/低配/平民/星穹铁道2.1,413097,16950,261,523,523
仿妆cos,发现你了哦 我的小白鼠,333240,127441,143,4016,4016
小剧场,今天没段子,175840,40081,632,62,62
亲子,一个很护食的小女孩，当了妈妈之后…,2706195,353321,2975,22918,22918
短片・手书,（ 我 年 轻 的 时 候 .. 嘿 嘿 ..  ）,1957323,301118,1553,2240,2240
出行,你敢相信这里是越南吗？越南最繁华的城市西贡，据说马上要赶超上海！,458899,7146,3171,621,621
手机游戏,《物华弥新》公测前瞻特别节目,308799,14279,1125,2203,2203
国产原创相关,当我带老爸欣赏弱智吧金句，进去一个小时后发现只有我自己是弱智,167480,11714,245,179,179
出行,美国家人参观南京大屠杀遇难同胞纪念馆，看完久久不能平复,319708,24602,2868,172,172
美食测评,最“短命”的网红小吃，曾经排队疯抢，现在怎么样了？？？,921595,38295,4723,489,489
原创音乐,莫哭，不过是个《匹夫》！,442346,45785,781,1613,1613
人文历史,只因移动了一下空调，20秒内1500人被活埋，揭秘韩国三丰百货倒塌事件,929012,22203,3280,842,842
翻唱,5 ：20 AM 睡觉??学做一个河南甜妹,260031,29424,168,748,748
汪星人,这羊太犟了，不是顶人就是拆家，只有蒙蔽它的双眼才老实,279233,22410,1410,377,377
家居房产,爆改上海1平米棺材房,1143103,33591,839,841,841
单机游戏,震撼！当整个世界的生物会疯狂乱撞！,653244,63135,2902,442,442
搞笑,咱爹咱妈的爱情故事之约会日,204197,39752,552,594,594
出行,自主攀登6000米雪山是什么体验？峰哥亡命天涯,538183,15611,482,4762,4762
美食记录,在西班牙卖摆摊卖一天酱香饼，40元一份有没有老外识货呢？,1230949,144730,976,1821,1821
美食侦探,是甜蜜的罪恶，深夜麻酱泡面！东北的碳水都太炸裂了！,599484,38581,1757,1765,1765
家居房产,宠物友好…便宜…好养…有品位的植物推荐！（有人真的事很多！！）,480624,36110,649,4263,4263
动物二创,那些好玩的动物视频！,1902534,141370,1291,652,652
手机游戏,尘歌壶已经进化成这样了？？四区结合《一梦徽州》教程,68987,6591,144,434,434
新能源车,到手三天大事故，小米su7从生态到售后体验如何？,586111,30294,4840,3049,3049
影视杂谈,高太尉的奋斗！底层小混混，如何翻身做主人？,772795,43970,6637,2065,2065
短片・手书,【猫meme蛊】逆流河上万仙退！爱情不敌坚持泪,416166,59657,599,4326,4326
特摄,神帝虎侠！！！,471536,32890,623,452,452
影视杂谈,【深海浩劫】海上平台原油泄露，还原真实的灭顶之灾！,6571111,126134,2282,840,840
健身,能被自己的老爸认可应该是每一个孩子最幸福的事儿！,726686,140948,263,226,226
搞笑,泼水节.我……干！！！！,1016846,98662,286,820,820
短片・手书,铁道双子 [蔚蓝档案动画片],595489,81256,247,4601,4601
电子竞技,《峡谷追击令4：说话！》,723773,74829,716,629,629
手机游戏,开局疯狂爆氪！挑战在斗破苍穹里硬刚萧炎！,713040,46382,515,629,629
出行,我买了世界上最漂亮的手枪！武器界的劳斯莱斯！价值上万元！,1205620,101698,5059,966,966
绘画,我要成为我人生的主角，烟灰3,216077,27367,50,203,203
短片・手书,恋爱取向摸底测试！你取向是偏同or双？0or1？纯爱or纯欲？受虐or施虐？……,311850,32017,3958,5588,5588
日常,那天，我在大山里捡了一个女儿…,894408,153537,1118,792,792
健身,每年挑战一个减脂大case，去年海涛，今年俞涛，都涛涛不绝了！你们觉得这个挑战难度大吗？！,1407470,176289,456,909,909
人力VOCALOID,??我 在 1840 年 沉 睡 1921 年 准 时 起??,255004,40179,154,976,976
搞笑,测评下噶痔疮手术，但是女友做！,374628,22147,580,3480,3480
美食记录,"青梅精不过如此,我已经吃饱了",218597,29668,1177,1161,1161
搞笑,哄小孩的外卖小哥,847127,112158,622,229,229
短片・手书,【第五人格生日会】隐士：学生说要送我一份大礼,880832,170402,911,5605,5605
科学科普,人类的性演化，为何我们进化出这么多快感？【进化论】,812948,33448,2289,5404,5404
娱乐杂谈,【名利场】女优们的报复,1545078,47386,5336,6987,6987
运动综合,打坐犯困怎么办？,974592,92843,240,666,666
日常,狂飙兄弟郑州回马枪之偶遇流浪大爷,122297,24106,255,76,76
社科・法律・心理,“当年在厕所把我堵住暴揍的人 现在成为了初中老师”【天降】,202221,17742,1618,1614,1614
短片,滴～豪门体验卡已到期,246593,34820,195,137,137
美食记录,胖龙来小强家蹭饭，一顿经典捞面，胖龙直接干两碗,682253,30881,2025,265,265
手机游戏,“我  们  仨”,1007575,230021,485,32984,32984
电子竞技,火舞：真是一场酣畅淋漓的配合,502301,49491,115,828,828
社科・法律・心理,你眼中的问题，是他的解决方案！,47343,2661,364,608,608
计算机技术,历经30年，为啥这个文件夹越来越没存在感,499429,22272,700,629,629
手机游戏,【巅峰之塔#8】强度膨胀，烽烟再起！不重复干员主线挑战第八期,109590,11703,1984,690,690
明星综合,【TF家族练习生】《星期五练习生》41:「嘻游记」噼里啪啦 噼里啪啦,195770,11830,45231,328,328
日常,30 秒区分，生旦净（末）丑#京剧 #中华文化,1233211,197600,228,797,797
篮球,在一声声尖叫中迷失自我！,465429,53715,168,715,715
电子竞技,“在一片嘘声中顶住压力，在全场欢呼中黯然离场...”,520870,40454,452,3418,3418
影视杂谈,《绝命毒师》原版团队，居然拍了一部《暗黑》？！硬核科幻美剧《群星》上,1196812,71018,3970,2647,2647
MAD・AMV,比起晴天，我更需要阳菜！,633548,115815,122,2366,2366
穿搭,当148cm的我带着cos服去旅游 会发生什么？？？,286291,40773,481,403,403
手机游戏,15年前仅1mb的国产良心手游居然骗小孩充值,1215015,58759,2161,526,526
搞笑,小时候，路边捡的垃圾都能玩的很开心,387058,34690,770,142,142
搞笑,恶魔轮盘赌！坐杀博徒 启动！,378643,59777,4176,949,949
乐评盘点,【RAY评】网络热门歌曲审讯《5：20AM》到底抄袭了没？,1092106,43481,7347,3653,3653
单机游戏,【散人】中式恐怖《喜丧》扒开囚笼见真相,605638,56666,8510,7514,7514
动漫杂谈,日本动漫界最黑暗的一天！真是一场酣畅淋漓的赤石啊！,268859,25161,4170,2521,2521
综合,【扒】每天都想上吊的单身老汉，靠什么活下去的？《辛普森一家》之何以解脱,157830,17947,224,113,113
手工,用500斤矿石能提炼出多少黄金？,2958030,132085,1954,742,742
出行,一个人去日本溜达了12天！,189922,17372,977,2309,2309
VOCALOID・UTAU,【AI木叶女团x扉间指导】《日不落》,157300,20853,257,998,998
三农,什么？！漫天飞舞的除了柳絮还可能是虫？！【主播说三农】,1004618,120488,1912,7308,7308
翻唱,一日速成河南萝莉??我在“5:20”睡觉13:14准时起??,392950,29074,530,2162,2162
日常,中国小伙在阿富汗持续多日清空馕店，每天1000个馕分享给贫困的人们，慷慨解囊,1501959,114700,4553,1411,1411
单机游戏,刚领的游戏，请问是这样玩吗,250274,32637,423,1257,1257
影视杂谈,史上最贱、最污、最没节操的谍战喜剧，全程爆笑，笑到怀疑人生！《王牌贱谍：格林姆斯比》,616858,17078,1747,1845,1845
原创音乐,《谢天谢帝》官方MV 诺米么lodmemo,1739814,86071,2082,9880,9880
美食侦探,这七盘黑暗料理对比九转大肠，应该更胜一筹,241965,24506,622,301,301
美食侦探,老广州人才知道的顶级街头美食！这期视频一定要收藏！,248164,14738,1050,4368,4368
日常,《不要插队》,547069,122345,159,2626,2626
音乐现场,BABYMONSTER RAMI Cover Dinosaur认哥Live版,585398,54414,1702,6170,6170
单机游戏,【庄园领主】当我来到中世纪当领主，该如何在劳动力低下的中世纪发展起来！ManorLords正式版,198218,11631,880,508,508
搞笑,【猫meme】如果命运无法改变，就努力活下去,953293,187805,1335,1017,1017
动漫杂谈,【树哥】信息量炸裂！五代家灭门惨案提前发生？谜团和伏笔慢慢揭开！《猎奇杀人灭门篇》第3集,92509,10477,574,395,395
手机游戏,玩第五人格！我感觉我像个小丑,108796,12575,669,248,248
美食侦探,日本14斤大胃王烤肉！普通人挑战到底啥体验?,544216,36243,1597,544,544
手机游戏,【明日方舟】到底是不是博士？特蕾西娅死亡真相！,156425,16537,995,2502,2502
设计・创意,原来还可以这样打字~,232635,26230,16,419,419
数码,夜晚 宿舍 室友一起开黑,2136862,82206,512,2765,2765
鬼畜调教,?5:20造谣? 13:14就被抓?,454238,38633,427,1423,1423
手机游戏,【真实测评45】超强常态减速但输出不足的合体地刺！阿斯卡纶专九实战测评,224636,20120,1754,695,695
改装玩车,98777-987,341111,40484,77,273,273
短片・手书,【轰】我早就说过该进精神病院的不是我吧！,302235,52188,2187,607,607
音乐综合,【宋雨琦】1st Mini Album [YUQ1] Audio Snippet,69121,12063,1205,1769,1769
短片・手书,野猪王之御猪飞行！,890337,129492,1352,15248,15248
日常,太可爱辣忍不住画了一张，正在考虑接稿^O^,1048344,241561,785,21444,21444
电子竞技,发牌员硬塞,556512,39010,207,319,319
日常,我买了最好和最坏的座位，连看了两天演唱会,949376,75177,2584,5895,5895
校园学习,【最后十课】函数篇！2024高考冲刺！,345832,31243,4130,1905,1905
数码,新款华为MateBook X Pro评测：980g的工艺品,239578,13095,2563,1242,1242
电子竞技,LOL官方举办的上单SOLO擂台赛！,392892,42128,344,306,306
美妆护肤,“垃圾堆”里扒好东西，郑合惠子是内娱第一个！,337684,45008,607,522,522
校园学习,Хаха,834861,59935,77,3143,3143
手机游戏,【萌黄速报】5月高招S秽土解斑！新版本情报速览！,1308496,60756,1820,13517,13517
人文历史,真的不理解，古代将军重兵在握为何轻易自杀,225759,30718,214,126,126
短片・手书,"《蛊真人》第七十四集：照影秘方,花酒迷离",119914,20729,1619,301,301
美食制作,隋卞一做 |三分钟速成！醋和蛋下掉你所有的饭！醋炒蛋,453411,24867,784,2868,2868
短片・手书,【猫meme】女大报名参军被突然带走(后续来啦！),349755,53855,925,509,509
喵星人,不愧是三号楼，给我创造地狱级难度,526623,73384,1486,797,797
单机游戏,红警队友被房主嘲讽！瞬间受不了含笑九泉，那我只能替他报仇了！,296999,19736,1577,142,142
手机游戏,【原神4.6前瞻】仆人：“万达国际那也能叫激情互秒？”,585035,43437,1542,2547,2547
日常,让我看看，是谁又把10000块买的手机用成老人机？,150490,11176,178,204,204
鬼畜调教,五点二十，准时提钢！,306745,37647,126,6594,6594
特摄,版本弃子，被虚空占模的速度型战士,1221785,110346,2185,2946,2946
电子竞技,10000血就这？新版蝎子1个Q秒了！超越版本的理解！【有点骚东西】,506405,30752,1330,1596,1596
搞笑,没 营 养 的 一 条 视 频,177670,24170,836,1630,1630
小剧场,现代人就该用高科技解决问题（举起,211928,30986,465,323,323
科学科普,【基德】减肥神技？？168断食法的真相,135678,10655,579,838,838
汪星人,懂你的狗无需多言！这该死的默契,859329,76374,235,1568,1568
人文历史,帝国霸权如何利用建国美梦，操控中东第四大民族【中东19丨库尔德】,617685,40558,2779,598,598
网络游戏,这是暴雪专门为了讨好国服玩家做的模式吗？再造模式简直良心到离谱！,408703,12120,2356,10661,10661
数码,芯片放大几万倍，你会看到什么？,3186483,311789,11026,14546,14546
数码,「小白」买机大挑战！预算250块能买到什么神机？,423841,33878,3186,840,840
MV,骗子 骗子 我要DISS你,1849046,299338,1105,20696,20696
科学科普,前往深渊！我们在贵州，见到了中国最壮观的地下山河【新山海经02】,734282,68137,2491,7404,7404
特摄,糖分爆表！特摄魅魔？假面骑士版罗密欧与朱丽叶！纯爱什么的最棒了！最终Boss亮相？【Who说特摄】《假面骑士歌查德》第30-31集吐槽,96938,9886,1207,145,145
手工,为什么要网暴一个支持原创国货的女生？,493788,67507,195,108,108
日常,这五分半钟的时间记录下了属于我们的故事…,85634,30598,186,155,155
日常,[猫meme]人不可能一直衰,736630,70197,111,108,108
单机游戏,【边缘世界1.5】最新异象DLC！机械军团VS恐怖异常！(第一集) RimWorld,79958,9870,1765,96,96
计算机技术,docker是什么？和kubernetes(k8s)是什么关系？,94814,6769,158,497,497
单机游戏,童年火爆全网的摩天楼游戏 最终结局究竟是什么？？？,354249,11809,808,906,906
影视杂谈,颂莲的五重精神死亡！陈家"明枪暗箭"是如何杀人的？10万字逐帧解读《大红灯笼高高挂》?,89190,7785,750,88,88
单机游戏,红警基地车被巨炮轰成一滴血！两次都是丝血逃生！,230935,16101,1286,78,78
人力VOCALOID,?我 在 5:20 睡 觉 13:14 准 时 起?,1337680,134818,1124,5660,5660
喵星人,你遇到了妈妈，就再也不是没有生日的小猫啦！,287323,73790,989,1653,1653
美食侦探,湖南妹子：这 个 不 辣 ！,1089353,85389,2559,3417,3417
电子竞技,开局被嘲讽不会玩，8分钟后：诶，对面高地呢？,341063,13552,1499,132,132
网络游戏,玫瑰精灵篇―12年前，母亲居然带着我去网吧充值【AJ说枪,136367,10652,728,464,464
美妆护肤,10年中医学硕士告诉你，你的红枣吃错了！,1765793,104511,91,11366,11366
极客DIY,自制左轮里电钻,1209897,95369,5882,3035,3035
手机游戏,【星穹铁道】匹诺康康尼德2.1.exe,76984,11269,600,702,702
电子竞技,当我被对面无情嘲讽? 无限反转 猜不到结局,417191,32186,455,192,192
单机游戏,「在末日我们为了生存吃掉了兄弟」最终生还者试玩,171655,28362,782,172,172
娱乐杂谈,骨相皮相大起底！鞠婧t改个妆就会像景甜周迅曾黎等大美人？,414659,27526,3217,933,933
人文历史,为什么2024年感觉不一样了？,263941,13639,2307,1689,1689
搞笑,急诊精神科的日常II（合集篇）-妹妹说紫色很有韵味,258351,23513,999,3482,3482
搞笑,想刀一个人的眼神，是藏不住的,1308412,109272,243,789,789
手机游戏,孩子，200抽是不可能满命的,613720,62263,6507,12864,12864
手机游戏,全近战六星干员 VS 温顺武装驮兽，四爷新模组首秀！,261261,18889,1693,191,191
电子竞技,当上把开摆的队友说要带我赢时,493649,39362,1514,666,666
人力VOCALOID,日语填词《5:20AM》“俺は|京レ、|京洛レ”/AI| 雪,411761,44935,417,7251,7251
搞笑,下一集想看谁来演？,1478808,168971,2096,1968,1968
健身,12岁健身5年后会有什么变化？,568087,36672,1154,613,613
科学科普,爆肝625小时省流合集第五期,1654525,60468,786,221,221
搞笑,多少带点个人情绪,806069,71781,297,2194,2194
仿妆cos,先 天 爱 丽 丝 圣 体 【4K 60P】,823262,97840,348,2928,2928
手机游戏,目标无上限氪穿卡池!实测梦想指针卡池深度#2,128815,6612,237,1018,1018
美食侦探,东北逆天泥炉烤肉！牛肋条15一盘！各种牛肉都15，素菜全6元！,308976,11460,1594,1647,1647
财经商业,【消费主义陷阱】消费主义是如何毁掉你的？,371322,29249,1181,2554,2554
小剧场,招财进宝好运在，发财变美人人爱,231505,23843,411,77,77
鬼畜调教,《顶级押韵》,579036,66260,283,2049,2049
竞技体育,教练：不对啊 根据物理来讲 是可以的啊。  小朋友：6,429845,67393,318,756,756
日常,青花瓷妖刀在欢乐谷张元英转圈,417886,39746,60,773,773
影视杂谈,没有杂质的真爱可以创造奇迹，全心全意的爱过一个人也是一种成功，经典爱情电影《恋恋笔记本》,1203882,73351,2997,2407,2407
校园学习,跟我150天，保证你不看字幕听懂英文剧，flag就立这!!!,232204,14693,509,732,732
鬼畜剧场,东 汉 忍 界 大 战 4.0,496986,45120,675,4123,4123
桌游棋牌,什么？宇宙霸主是假的！,155129,13801,482,329,329
软件应用,让你手机好玩10倍，安卓用户都要知道的最强App,226356,15473,352,569,569
美食测评,连云港小龙虾商家 缺斤少量  拒不承认   有头发说是顾客放的,2455068,82311,51,286,286
数码,彻底疯狂：Intel推出288核心处理器,172270,11343,404,614,614
人文历史,【变性屠夫】500多人被他变性，最后连生殖器都装反。。。,779990,18445,862,1586,1586
汪星人,俩月没洗了，某人口号都有点生疏了,622502,59468,121,3982,3982
美食制作,找到了虾超鲜嫩的秘诀！越简单的做法往往越好吃！,1041770,38735,182,4449,4449
影视杂谈,钱学森弹道到底有多厉害？他的存在，让中国不再惧怕任何国家,4635313,120065,2824,880,880
搞笑,好好好，看个表演差点给我整醉了,3426543,272810,398,11804,11804
搞笑,我找到了我学不好英语的原因了,547651,72792,113,2726,2726
手机游戏,见证历史！历时2年！60亿方块还原了精度最高的珠穆朗玛峰,294017,76053,746,1528,1528
日常,《能套在各种旅游上！》的经验分享（二）,291457,47132,94,9445,9445
搞笑,菜刀牛――限时返场！,466291,45812,339,241,241
单机游戏,细思极恐！同类相食，居然是实现生态平衡的好方法！,1020927,66149,1154,1194,1194
美食制作,厨师长自创“小炒肉”，试验上百遍，先让四伯把把关,515130,26971,3387,918,918
校园学习,依托大师云游高校VLOG: 中国科学技术大学,135112,12380,577,1291,1291
网络游戏,光听声音哪还分得清这是英雄联盟还是王者荣耀啊,821343,81558,1854,5694,5694
单机游戏,超难惊变生存「最终生还者」第四期!!？,832516,119018,2542,358,358
VOCALOID・UTAU,?爷在 5:20 抽卡，13:14捡垃圾！?,180562,22820,416,740,740
影视杂谈,【糖叔】两位普通的不能再普通的老人，两位伟大到不能再伟大的“镇关大将”真人真事《守边人》,818720,52769,862,220,220
健身,挑战欺骗餐之母颜如晶的地狱级饮食的一天！,341567,28816,565,1722,1722
手工,一手两笔，笔歌墨舞~,603614,96699,683,6915,6915
美食记录,杭州称重快餐 急头白脸吃一顿多少钱？,932975,79386,953,330,330
三农,相识8年，2023年结婚，2024我们迎来了第一个宝宝,597058,31113,1445,950,950
短片・手书,【轰】快让这个小孩走开啊啊啊啊啊！！,2527116,130529,620,336,336
美食记录,和兄弟去吃夜市有多快乐,682418,78002,766,3739,3739
动漫杂谈,我是狗,110234,19432,626,93,93
音乐现场,【张杰】状态无敌？南昌鲨疯了《不眠之夜》如此轻松的拿捏,380955,32914,581,3083,3083
人力VOCALOID,义父5：20进貂蝉房间，13：14都没停,197135,28782,236,2210,2210
短片・手书,穿越到游戏王，给动画里的阳间人一点小小阴间震撼,928800,53159,2807,4422,4422
美食制作,这一口下去，快乐不就来了吗,1561321,166800,1338,4838,4838
亲子,成年人的崩溃 往往只在一瞬间（110期）,310930,39696,1091,2067,2067
小宠异宠,鸭妈妈操碎了心，还要现场教学，母爱太伟大了,164373,17068,612,406,406
科学科普,【鬼谷闲谈】穿山甲：身在兽营心向龙,1016885,90657,4271,1302,1302
综合,?2023年度最佳情侣?,500259,68367,351,798,798
新能源车,我的小米SU7到底是怎么撞的？后续怎么样了？,313704,21040,474,1550,1550
人文历史,二战饮食漫谈――斯帕姆罐头的封神之路,952766,43354,3742,1098,1098
搞笑,保安：我这是得罪了哪尊通天神了,1095756,119573,524,395,395
日常,100斤重大铁球甩的飞起 看俄罗斯二哥健硕身材是怎样养成的！,149440,13600,924,62,62
单机游戏,细数街机游戏中的那些“奖励关卡”，手指按到报废！,284491,18144,1260,134,134
田园美食,瑞士雪山吃席，1000元能吃到什么？坐火车寻山间美味,421132,36603,3388,1266,1266
搞笑,【猫meme】女大报名参军被突然带走,1049671,138310,744,835,835
网络游戏,当永劫只能三排，而我们有四个人时。。。,740122,71396,214,1857,1857
美食制作,很普通的早餐,1435381,241771,745,2939,2939
仿妆cos,【神级国宴】名侦探柯南cos团片,333718,64324,1548,7770,7770
电子竞技,《我 真 不 是 数 值 怪》,382543,25936,2259,190,190
美妆护肤,现在相亲连医生这个职业都不香了嘛？？？,1599870,183817,2152,2481,2481
预告・资讯,代表日本动画最高视觉表现力的神作将迎来重映！,443539,27188,166,2355,2355
校园学习,人生建议：不要等待,561809,126132,192,4284,4284
明星舞蹈,【Taylor Swift】北京大学霉霉主题夜奔｜残夏 Cruel Summer 开场舞完整回放！,218517,26377,76,2120,2120
人力VOCALOID,?我 在 5:20 睡 觉 13:14 遇 先 帝 ?,431559,51855,610,2492,2492
日常,以前对她的疑问 在几年后由我自己来回答了,503990,80680,269,5606,5606
数码,耳机也能复古？无线颈戴耳机还在更新？！华为FreeLace Pro 2体验,335375,13886,686,301,301
美食记录,谁 想 出 的 神 仙 吃 法 ？,313077,29597,345,884,884
短片・手书,女王：所以我们现在还出不出去？【芽衣生日2024 / 崩坏3】,413863,63688,995,2490,2490
手机游戏,《原神》4.6版本PV：「两界为火，赤夜将熄」,2010768,145418,9738,16324,16324
短片・手书,【第五人格生日会】当大家互换衣服！,297620,58222,1233,6614,6614
娱乐杂谈,《集市风云》 第二十一集 近朱者赤，近墨者黑 #剧情 #集市风云,541323,46471,108,187,187
音乐现场,Lana Del Rey和Billie Eilish同台表演《Ocean Eyes+Video Games》,194081,18077,899,8429,8429
日常,“等我长大了，您就等着享福吧”,1327513,45059,559,371,371
手机游戏,忍者出了再多，也只有玩青水时有回家的感觉，也许这就是操作的宿命,157181,19641,129,129,129
亲子,终于买了，落地100万，和家人商量了下买了下来，恭喜我吧,676988,90264,1199,1914,1914
美食侦探,人人都能吃回本的神仙自助，被我给找到了！,616715,29911,872,2543,2543
科学科普,网络热门长虫视频(68)男子被9斤眼镜王蛇咬伤！直接把蛇抓到了医院？美女医生都惊呆了！,500723,21519,3233,325,325
搞笑,总算搬完家啦,530077,68101,307,821,821
搞笑,江  户  川  乱  射,701889,48056,664,2993,2993
社科・法律・心理,思维混乱，如何在30秒内重置大脑？一个心理学效应帮你疏通脑雾！,292096,22049,775,2419,2419
影视杂谈,初代《钢铁侠》登场，拯救了濒临倒闭的漫威电影，打戏燃爆全场！,1641434,87383,1277,209,209
手机游戏,暴雪回归，牵手微软！网易野心摊牌了！,131960,14499,614,161,161
喵星人,大壮做梦了,206638,21512,360,648,648
综合,这才是兵器之王！《雾山五行》这场景是真实存在的吗？（03）,486097,62187,166,662,662
小剧场,公司里有内鬼！,266822,28297,153,947,947
电子竞技,有些东西，是没办法教的。最掉小珍珠的一集。,261139,28408,881,955,955
翻唱,二次元版《5:20AM》完整版填词翻唱！?我在深夜26点，倍速播放我推的新动画?,103886,19855,89,1415,1415
短片,集结了大半个班级，我们还原了历史上的三三制！,415715,20874,745,623,623
特摄,由于封面太像二创导致没人点进来看？【萨姆cos】,748739,195653,337,3551,3551
搞笑,爸怎么会放弃你呢？,685722,241148,454,252,252
日常,拿玩具相机给小姐姐拍照,1228991,167200,328,1682,1682
搞笑,总裁！夫人她又跑了……,899680,128787,266,1315,1315
美食侦探,便利店竟然也能做成自助？挑战日本的奇葩自助餐！！！！！,429072,26128,2581,583,583
搞笑,整个视频做的我眼前一亮一黑一亮一黑又一黑………,344662,25437,5830,174,174
社科・法律・心理,谁在嫉妒你，精准捕捉！,220802,30334,858,1765,1765
演奏,前方超神!！德国钢琴家上海街头炸响《诀别书》,370998,26032,591,1440,1440
电子竞技,当年的不死八戒，彻底回来了！,1361215,66590,1248,1185,1185
音乐综合,河南省歌是什么梗【梗指南】,2890441,169741,4582,16555,16555
搞笑,没有你 那我奔跑的目标在哪里,916438,114224,563,4390,4390
汽车生活,给女朋友妹妹选了台10W的车，她说...,516790,17888,2012,2637,2637
仿妆cos,诸位 可愿为本帅俯首,929669,144741,823,2392,2392
短片・手书,金 馋 子 ?,598900,84630,1215,3603,3603
搞笑,挑战花光领导的所有工资！,1955457,170844,26400,2736,2736
鬼畜剧场,?有 杂 质 是 你 的 谎 言?,1330736,81227,345,1249,1249
家居房产,挑战和房东说我不想交租了，会发生什么,1642158,112581,642,600,600
日常,正是江南四月天！在西湖划船、绍兴吃白切鹅、漫步乌龟潭｜芽腿vlog178,64154,5167,392,608,608
单机游戏,怪兽100天P13 安培拉星人降临 绝望的压迫感,320382,26977,2804,235,235
小剧场,第五条：记住！你住的是单人寝室,1704283,149309,326,2339,2339
日常,这是我见过最美的大学生,745525,119773,445,890,890
数码,没想到啊！以前KFC花活不少啊！,303311,19130,2108,863,863
电子竞技,当我选出上单VN排到宝蓝：这是个高手,318315,33349,319,92,92
明星舞蹈,刚跟妈妈吵完架录舞又不得不求她帮忙穿裙子时belike……,1098414,122939,179,462,462
仿妆cos,【声之形】   以声之色，塑花之形，将你之名，刻于我心。,276704,27661,40,500,500
影视杂谈,承包鱼塘名场面偶像剧《杉杉来了》！可爱杉杉也太下饭啦~~,377545,22094,4521,661,661
仿妆cos,这就是反差吗？,507535,68924,50,329,329
音乐现场,童年原唱突现校园，引发大学生集体合唱，猪猪侠，果宝特攻，超兽武装，果宝特攻粉丝一网打尽！！！,188271,17875,131,627,627
科学科普,大暴雨来了！南北多省再迎狂风沙尘冰雹，南方雨量持续偏多云南除外,515068,30221,1489,2172,2172
小剧场,我当爹啦！！老婆辛苦了！！！,1092484,108915,443,106,106
搞笑,“Cheems，现在是幻想时间吗？”（2）,209231,42855,527,353,353
短片,我服了…班里的师生关系太乱了！,2351124,246069,1015,1950,1950
科学科普,污水沟出传奇！头孢为何能80年始终冲在临床第一线?【抗生素的故事⑧-头孢菌素】,77208,4255,484,157,157
小剧场,我与顾少的百亿婚约最终话！,1220599,153351,2456,2712,2712
音乐现场,BABYMONSTER最新回归曲SHEESH乐队Live版,974741,61846,5178,18910,18910
美食制作,最意想不到的一集，看到结尾。。,466789,124613,223,88,88
短片・手书,【星穹铁道手书/砂金中心】CH4NGE（2.1剧情向）,359807,117418,252,7758,7758
新能源车,一分钱没花！理想 MEGA 车主的真实评测,163892,8211,926,519,519
鬼畜剧场,【叶给我一片二向箔】新作上线，快来看看！,2252335,282862,350,27562,27562
日常,红星大厦的保安永远不会让你失望,294122,37843,180,763,763
搞笑,这里真的是图书馆吗?,787879,65112,323,1194,1194
搞笑,笑死！第一次带3岁儿子出国，他竟然怂了...,710493,49906,1828,1906,1906
人力VOCALOID,"?潮在5:20睡觉,13:14当老板！?",134620,14113,457,376,376
人文历史,写情书？不如先看看曹植的《洛神赋》。,192944,20707,222,637,637
汽车生活,10万块就能买全国无图智驾，真好用还是纯忽悠？,286680,17271,1858,750,750
搞笑,吾日三省吾身，吾没有错！,855420,165325,130,8885,8885
美食制作,粤菜里整鸡去骨难度有多大？起出80刀，耗时1200秒！,127069,18000,86,263,263
校园学习,字字泣血！高考前一定要做与不许做的事！,160561,34580,921,1535,1535
翻唱,《安和桥》翻唱  |  “终不似，少年游”,187144,14871,396,642,642
小剧场,我送朋友去二次元,818315,82694,2434,2944,2944
美食制作,感谢大家最近对我们的关注，我们就是那个在幼儿园里最忙的小孩,250318,38357,157,1233,1233
日常,【MrBeast官方】100个小孩对100个大人挑战50万美元？,591542,44395,1556,390,390
短片・手书,《傲慢与偏见》,1064930,184447,465,4163,4163
绘画,“这世上还有我陪你一起普通，你害怕什么^O^”,427626,128643,211,2034,2034
影视剪辑,救命被这句欧巴硬控了！看到海王又选妹妹给哥气笑了 公开兄妹关系后更亲近了呢丨恋爱兄妹◎宰亨×世承,604358,31454,525,1946,1946
日常,泰国是一个比美国都“开放”的国家,414897,20033,703,596,596
鬼畜剧场,最 强 大 爷,2041930,297099,606,16441,16441
单机游戏,暴 雪 回 归 玩 家 现 状 2.0《沙雕玩家联盟》,197409,25473,655,1345,1345
手机游戏,流星毁灭！,540997,63610,115,1922,1922
美食制作,能被大师誉为老饭骨最美的餐是什么饕餮盛宴？这次揭晓啦~,327740,14139,416,175,175
健身,观赏・肌肉型阿拉蕾-怎么看都缺了个带翅膀的帽子,832534,67128,395,3261,3261
网络游戏,为什么上单一直在游走啊,642669,34230,315,1482,1482
单机游戏,【风笑试玩】在末日用自行车砸人？丨Turbo Kid 试玩,91347,8990,640,66,66
手工,用耳机做个夏油杰脑花~,1233338,99880,360,13145,13145
搞笑,苍蝇不会叮无缝的蛋,267468,52791,952,435,435
电子竞技,《峡谷追缉令3：风云再起》,740061,98102,1379,1263,1263
校园学习,5人大,901717,71311,2294,955,955
绘画,任何事做到细致，就是艺术。,2175242,328081,875,823,823
三农,小牛生一肚子气，打电话找我爸消气，直接开膛破肚！,1157635,132655,2756,932,932
影视杂谈,女学生作业太多，直接跳楼自尽，家人浑然不知！,1947187,46330,6633,2344,2344
美食记录,3块钱的山药怎么才能卖到888块钱？,910558,57250,218,985,985
穿搭,当我翻出了那些辣眼睛的陈年旧衣。。。,304778,31059,4527,162,162
日常,“记忆里的一切，都将被改写。”【奇珍时装】宿伞之魂―麒麟商人和【稀世随身物品】宿伞之魂―玉麒麟的游戏内效果展示视频来啦~特别说明：【奇珍时装】宿伞之魂―麒…,426494,43759,1463,21270,21270
社科・法律・心理,宝宝也要学法律？,499061,130763,593,1622,1622
单机游戏,一家子都成熟人了哦,1173568,140693,266,1425,1425
手工,一块木头雕刻出美若天仙的人,482151,49044,677,146,146
出行,逛日本最大玩具店，日本小孩玩的也太花了吧!,107888,11900,549,455,455
小剧场,戒指怎么会摘不掉呢…,447427,44737,936,1778,1778
美食制作,烤肉串卷饼出摊教程 一学就会,1098905,59144,896,2658,2658
鬼畜剧场,神金，每一步都在证明这是假金,770513,49791,809,3199,3199
美食制作,酸奶菲士：一杯无限Shake，超高泡沫，超高颜值，超有食欲的cocktail。,1750399,181431,564,811,811
小剧场,开春了！小朋友们注意卫生！,3198807,230485,2980,1577,1577
搞笑,祝你愉快的一天:-),238946,48768,862,133,133
配音,一口气看完！哆啦A梦镜世界怪谈,433595,18334,847,838,838
出行,老君山这么美？那必须得去看看,1679630,143815,480,6287,6287
职业职场,脑力工作者的3种累&3种较佳的休息方式,797141,27620,912,8744,8744
短片・手书,你的外卖到了,187553,38739,222,533,533
单机游戏,随机有用植物VS随机僵尸-哪路能笑到最后？#108每日一竞猜,141783,17000,2873,415,415
原创音乐,谢谢大家喜欢我的歌,552052,47210,384,1648,1648
动漫杂谈,炸裂！特效拉满的终极BOSS战！《凡人修仙传》97逐帧解析,307142,36061,1956,488,488
科学科普,爆肝2万字！全网最详细对能量的解读！能量究竟是什么？能量的本质到底是什么？以十层理解带你深度解析能量的本质。,204600,15595,1159,873,873
美食制作,学做俄罗斯樱桃饺子！感觉不如菠萝馅儿,450041,30716,1617,842,842
美食侦探,简简单单吃肉,301282,32904,760,563,563
财经商业,天降500亿，两个中国女人背后的惊天比特币骗局,324461,50513,794,922,922
搞笑,当一个i人被逼着拍照……,1686941,162647,4554,1999,1999
日常,低消费过诗意生活，我爸妈简直是模版,764657,84101,754,21541,21541
手机游戏,极致的控场―――艾维“怀旧服”版,111530,14097,376,492,492
科工机械,关于“00后实习生勇闯电子行业，意外成为运营”这件事,2154659,462762,981,4663,4663
美食侦探,迟到的慌张也掩盖不了食堂的饭香，体验兰大食堂。,305554,19885,2133,546,546
搞笑,大堂经理的老丈人来浴池当保安,462621,39672,865,270,270
演奏,【法国街头｜中国古筝｜荣耀向我俯首】“我要荣耀向我俯首，征服世界或一无所有！”,355615,60145,413,1402,1402
影视杂谈,徒弟都这么厉害？不愧是宫崎骏！逆天高分动漫治愈正在内耗的你,1031644,54594,557,559,559
出行,大神之家网吧，30元包天，可洗澡洗衣服，网管每天都要检查人凉没凉,1168889,37622,4561,4835,4835
美食侦探,夜宵来顿螺蛳粉火锅，吸汁炸蛋再配超大腐竹，太满足啦～,517616,29185,1806,1162,1162
影视杂谈,赵敏有多聪明 竟然把张无忌拿捏得死死的？【玫瑰叔品倚天屠龙记3-8】【金庸武侠】,78068,6901,1925,69,69
小剧场,寝室憋笑游戏，你们确定这不是泼水游戏？,511704,54368,398,2401,2401
日常,从来没有如此期待过一个up主拖更..,521117,71684,8954,1597,1597
美食侦探,带四战士李炮儿挑战杭州1888帝王蟹波龙不限量自助餐,1010113,116807,695,1354,1354
单机游戏,这下真逆天了！！,1093961,158979,1012,633,633
单机游戏,辅助谁懂o(ini)o-英雄联盟,2058327,241587,392,3409,3409
VOCALOID・UTAU,“你是熠熠的星辰”洛天依原创曲《黔歌行》【游学记云贵篇单曲】,330599,35963,1331,1425,1425
短片・手书,(完整版)再见了，我那有着婴儿般蓝色眼睛的爱人【Emoji】,443438,42093,172,966,966
日常,"死里逃生, 那个差点把我吃干抹净的杀猪盘。",336379,21094,10578,5984,5984
家居房产,我服了! 这脑洞也太......,2892782,36590,285,1849,1849
校园学习,你们要的三角函数之歌！,273207,36713,233,1489,1489
篮球,当我打球开启ZONE模式..,301305,20431,221,212,212
搞笑,[猫meme] 作为剪辑入职二次元周边公司啦！,466451,77021,200,628,628
数码,小米su7隐藏顶配支架/苹果iPhoneSE4/华为P70来袭/暴雪回归【科学表扬】169期/那岩KJMX/科技美学,224398,17011,11335,172,172
亲子,如果父母抽自己，孩子会变好！：那病要治！,377833,68585,445,1636,1636
短片・手书,偷的是我家啊！,3488088,435792,1051,13367,13367
人文历史,母系社会的幸福生活,30394,2099,237,164,164
美食记录,兄弟们！这次我真的要减肥了！！减100斤！！冲！！！！@李维刚的日常,1317094,179805,555,558,558
美食制作,我没有手，我一样也可以把每一份蛋炒饭炒好 ！,227957,33081,378,81,81
日常,这期是收摊回去后做土豆的准备过程,974319,154583,554,635,635
美食侦探,特厨探店 |藏在长沙巷子里的小馆！道道好吃！-长沙家常风味馆,455639,46318,715,4188,4188
日常,ASMR巨型豆荚、稀有干花触发音｜Bakery无人声助眠,529008,29032,734,1513,1513
手工,这是什么流麻？好小众的玩法……,545578,47481,875,3243,3243
单机游戏,注意，在这款异常真实的恐怖游戏千万不能大喊大叫,114397,10695,947,227,227
小剧场,对不起Jolin、阿妹、薛之谦、伍佰老师！！模仿一下不同歌手开演唱会台下观众的精神状态！,863671,108673,640,1405,1405
单机游戏,谁是卧底 5 ？！！,526877,47688,1822,253,253
手机游戏,【明日方舟】巴别塔剧情解说 半小时看完巴别塔全剧情,79100,5614,434,754,754
单机游戏,啊？27.0,709699,62337,2928,860,860
家居房产,闺蜜一直以为我在杭州混的很差,1820207,33701,122,262,262
日常,橙子下坡！！！,4518261,132765,408,299,299
日常,你们的爱情让我嫉妒得汗流浃背～,595305,71904,241,68,68
动物二创,哥哥嘤嘤嘤,1393918,100267,235,1370,1370
单机游戏,游戏玩家的地狱笑话 5.0,93841,17370,369,134,134
科工机械,防盗门的锁带100多伏的电，哧哧打火。,129160,16557,1391,265,265
音游,fufu 打 抢银行の小曲,213167,46009,310,573,573
足球,善语结善缘，恶言伤人心…,298246,29560,31,148,148
动漫杂谈,【柯南】柯南来到深山别墅，林中竟闪现神秘红衣女，西瓜带你回顾柯南恐怖案件《赤女的惨剧》,270157,17897,1776,244,244
单机游戏,"当在MC服里添加了发明人村民 (玩:深金,害得我笑了一下）",364703,33028,180,338,338
